Funcao;Orgao;Subfuncao;"Valor Empenhado";"Valor Liquidado";"Valor Pago"
"DESPORTO E LAZER";"SECRETARIA DE ESTADO DE ESPORTES";"DESPORTO COMUNITARIO";1.809.952,95;1.261.124,87;976.874,90
"DESPORTO E LAZER";"SECRETARIA DE ESTADO DE ESPORTES";LAZER;12.413.600,36;8.709.648,99;7.996.216,41
"ENCARGOS ESPECIAIS";"EGE-SECRETARIA DE ESTADO DE PLANEJAMENTO E GESTAO";"OUTROS ENCARGOS ESPECIAIS";1.436.673,00;1.436.673,00;1.436.673,00
"ENCARGOS ESPECIAIS";"FUNDACAO CENTRO DE HEMATOLOGIA E HEMOTERAPIA DE MINAS GERAIS";"OUTROS ENCARGOS ESPECIAIS";14.833.222,61;14.696.339,53;13.553.673,46
"ENCARGOS ESPECIAIS";"FUNDACAO EDUCACIONAL CAIO MARTINS";"OUTROS ENCARGOS ESPECIAIS";230.555,97;230.279,64;213.989,69
"GESTAO AMBIENTAL";"SECRETARIA DE ESTADO DE MEIO AMBIENTE E DESENVOLVIMENTO SUSTENTAVEL";"CONTROLE AMBIENTAL";1.931.957,75;1.644.454,57;1.623.820,39
SAUDE;"POLICIA MILITAR DO ESTADO DE MINAS GERAIS";"ASSISTENCIA HOSPITALAR E AMBULATORIAL";57.799.786,92;42.985.331,61;39.777.685,59
SAUDE;"CORPO DE BOMBEIROS MILITAR DO ESTADO DE MINAS GERAIS";"ASSISTENCIA HOSPITALAR E AMBULATORIAL";832.172,29;477.597,45;365.783,10
"GESTAO AMBIENTAL";"INSTITUTO MINEIRO DE GESTAO DAS AGUAS";"ADMINISTRACAO GERAL";17.352.431,52;17.072.087,51;16.957.298,35
AGRICULTURA;"EMPRESA DE PESQUISA AGROPECUARIA DE MINAS GERAIS";"ADMINISTRACAO GERAL";97.704.445,65;97.704.445,65;97.704.445,65
"ESSENCIAL A JUSTICA";"PROCURADORIA GERAL DE JUSTICA";"ADMINISTRACAO GERAL";865.738.451,73;798.552.642,68;788.157.649,57
"ESSENCIAL A JUSTICA";"FUNDO ESPECIAL DO MINISTERIO PUBLICO DO ESTADO DE MINAS GERAIS";"ADMINISTRACAO GERAL";1.959.074,87;871.905,20;861.057,24
ADMINISTRACAO;"SECRETARIA DE ESTADO DE FAZENDA";"ADMINISTRACAO GERAL";1.001.870.409,00;1.000.608.035,15;1.000.381.272,73
ADMINISTRACAO;"POLICIA CIVIL DO ESTADO DE MINAS GERAIS";"ADMINISTRACAO GERAL";24.735.177,19;19.896.664,09;18.108.313,38
"ASSISTENCIA SOCIAL";"SECRETARIA DE ESTADO DE  DESENVOLVIMENTO SOCIAL";"ADMINISTRACAO GERAL";40.984.736,08;40.042.407,96;39.638.750,94
"SEGURANCA PUBLICA";"POLICIA MILITAR DO ESTADO DE MINAS GERAIS";"ADMINISTRACAO GERAL";4.766.738.307,73;4.766.138.981,02;4.764.284.769,85
"DESPORTO E LAZER";"SECRETARIA DE ESTADO DE ESPORTES";"DESPORTO DE RENDIMENTO";1.721.019,54;1.522.358,00;1.522.564,00
JUDICIARIA;"FUNDO ESPECIAL DO PODER JUDICIARIO DO ESTADO DE MINAS GERAIS";"FORMACAO DE RECURSOS HUMANOS";4.376.225,36;4.275.325,29;4.299.509,33
"DIREITOS DA CIDADANIA";"SECRETARIA DE ESTADO DE DESENVOLVIMENTO AGRARIO";"REFORMA AGRARIA";949,00;949,00;949,00
ADMINISTRACAO;"EGE-SECRETARIA DE ESTADO DE PLANEJAMENTO E GESTAO";"PREVIDENCIA ESPECIAL";25.937.111,86;25.937.111,86;25.937.111,86
"GESTAO AMBIENTAL";"FUNDACAO ESTADUAL DO MEIO AMBIENTE";"PRESERVACAO E CONSERVACAO AMBIENTAL";1.457.329,46;930.836,35;698.883,68
"ASSISTENCIA SOCIAL";"SECRETARIA DE ESTADO DE DIREITOS HUMANOS, PARTICIPACAO SOCIAL E CIDADANIA";"DIREITOS INDIVIDUAIS, COLETIVOS E DIFUSOS";150.000,00;150.000,00;150.000,00
"DIREITOS DA CIDADANIA";"OUVIDORIA-GERAL DO ESTADO DE MINAS GERAIS";"DIREITOS INDIVIDUAIS, COLETIVOS E DIFUSOS";819.456,62;791.691,89;728.092,15
"SEGURANCA PUBLICA";"SECRETARIA DE ESTADO DE  DESENVOLVIMENTO SOCIAL";"DIREITOS INDIVIDUAIS, COLETIVOS E DIFUSOS";924.767,78;878.482,18;863.871,10
SANEAMENTO;"SECRETARIA DE ESTADO DE MEIO AMBIENTE E DESENVOLVIMENTO SUSTENTAVEL";"SANEAMENTO BASICO RURAL";1.206.570,00;1.206.570,00;1.036.570,00
SANEAMENTO;"SECRETARIA DE ESTADO DE DESENVOLVIMENTO E INTEGRACAO DO NORTE E NORDESTE DE MINAS GERAIS";"SANEAMENTO BASICO RURAL";19.021.418,44;11.287.333,95;11.474.094,12
SAUDE;"FUNDO ESTADUAL DE SAUDE";"SUPORTE PROFILATICO E TERAPEUTICO";889.601.422,35;734.229.673,67;645.663.738,82
URBANISMO;"SECRETARIA DE ESTADO  DE INFRAESTRUTURA E MOBILIDADE";"INFRA-ESTRUTURA URBANA";48.995.236,59;31.098.207,71;25.206.450,18
"GESTAO AMBIENTAL";"INSTITUTO ESTADUAL DE FLORESTAS";"RECUPERACAO DE AREAS DEGRADADAS";2.990.088,35;2.856.159,83;2.433.374,32
"SEGURANCA PUBLICA";"POLICIA CIVIL DO ESTADO DE MINAS GERAIS";"EDUCACAO BASICA";24.563,00;17.000,00;0,00
SAUDE;"FUNDO ESTADUAL DE SAUDE";"VIGILANCIA SANITARIA";67.585.022,50;15.155.478,05;5.048.489,74
"ENCARGOS ESPECIAIS";"ASSEMBLEIA LEGISLATIVA DO ESTADO DE MINAS GERAIS";"OUTROS ENCARGOS ESPECIAIS";14.682,35;14.682,35;14.682,35
"ENCARGOS ESPECIAIS";"INSTITUTO DE PREVIDENCIA DOS SERVIDORES DO ESTADO DE MINAS GERAIS";"OUTROS ENCARGOS ESPECIAIS";72.797.063,45;72.790.410,55;61.737.649,43
"ENCARGOS ESPECIAIS";"FUNDACAO TV MINAS CULTURAL E EDUCATIVA";"OUTROS ENCARGOS ESPECIAIS";2.705,08;2.705,08;2.705,08
URBANISMO;"SECRETARIA DE ESTADO DE DESENVOLVIMENTO ECONOMICO";"ORDENAMENTO TERRITORIAL";45.144,00;45.144,00;45.144,00
URBANISMO;"AGENCIA DE DESENVOLVIMENTO DA REGIAO METROPOLITANA DO VALE DO ACO";"ORDENAMENTO TERRITORIAL";97.101,21;80.984,21;71.769,81
TRANSPORTE;"FUNDO ESTADUAL DE DESENVOLVIMENTO DE TRANSPORTES";"NORMATIZACAO E FISCALIZACAO";40.987.753,30;33.435.079,79;30.052.779,73
"PREVIDENCIA SOCIAL";"DEFENSORIA PUBLICA DO ESTADO DE MINAS GERAIS";"PREVIDENCIA DO REGIME ESTATUTARIO";102.030.420,09;102.030.420,09;102.030.420,09
SAUDE;"FUNDO ESTADUAL DE SAUDE";"ASSISTENCIA HOSPITALAR E AMBULATORIAL";4.219.339.429,98;3.717.232.046,19;3.135.891.138,53
AGRICULTURA;"EMPRESA DE PESQUISA AGROPECUARIA DE MINAS GERAIS";"DIFUSAO DO CONHECIMENTO CIENTIFICO E TECNOLOGICO";198.494,00;198.494,00;198.494,00
"DESPORTO E LAZER";"SECRETARIA DE ESTADO DE ESPORTES";"ADMINISTRACAO GERAL";1.278.718,83;1.201.515,87;1.093.595,92
TRANSPORTE;"FUNDO ESTADUAL DE DESENVOLVIMENTO DE TRANSPORTES";"OUTRAS TRANSFERENCIAS";11.300.175,03;11.300.175,03;11.300.175,03
CULTURA;"SECRETARIA DE ESTADO DE CULTURA E TURISMO";"DIFUSAO CULTURAL";12.457.894,46;11.482.781,29;10.295.568,43
"CIENCIA E TECNOLOGIA";"SECRETARIA DE ESTADO DE DESENVOLVIMENTO ECONOMICO";"ENSINO SUPERIOR";1.030,00;0,00;0,00
ADMINISTRACAO;"GABINETE MILITAR DO GOVERNADOR DO ESTADO DE MINAS GERAIS";"FORMACAO DE RECURSOS HUMANOS";700,00;700,00;700,00
SAUDE;"FUNDO ESTADUAL DE SAUDE";"FORMACAO DE RECURSOS HUMANOS";14.185.087,35;13.921.168,78;13.921.539,78
EDUCACAO;"SECRETARIA DE ESTADO DE EDUCACAO";"FORMACAO DE RECURSOS HUMANOS";2.469.236,58;1.319.407,58;852.344,69
TRANSPORTE;"FUNDO ESTADUAL DE DESENVOLVIMENTO DE TRANSPORTES";"ADMINISTRACAO DE RECEITAS";14.030.268,48;12.709.182,48;12.596.328,77
AGRICULTURA;"SECRETARIA DE ESTADO DE AGRICULTURA, PECUARIA E ABASTECIMENTO";"PLANEJAMENTO E ORCAMENTO";2.627,28;2.627,28;2.627,28
"GESTAO AMBIENTAL";"INSTITUTO ESTADUAL DE FLORESTAS";"REFORMA AGRARIA";162.113,01;26.868,13;26.868,13
EDUCACAO;"SECRETARIA DE ESTADO DE DESENVOLVIMENTO ECONOMICO";"ENSINO PROFISSIONAL";379.787,68;379.787,68;339.818,14
"GESTAO AMBIENTAL";"INSTITUTO ESTADUAL DE FLORESTAS";"PRESERVACAO E CONSERVACAO AMBIENTAL";42.636.450,25;39.412.104,75;34.434.291,67
"DIREITOS DA CIDADANIA";"FUNDO ESTADUAL DE DEFESA DE DIREITOS DIFUSOS";"DIREITOS INDIVIDUAIS, COLETIVOS E DIFUSOS";9.207,65;9.207,65;9.207,65
"DIREITOS DA CIDADANIA";"SECRETARIA DE ESTADO DE DIREITOS HUMANOS, PARTICIPACAO SOCIAL E CIDADANIA";"DIREITOS INDIVIDUAIS, COLETIVOS E DIFUSOS";4.999.521,66;4.757.865,08;4.704.980,18
"SEGURANCA PUBLICA";"POLICIA CIVIL DO ESTADO DE MINAS GERAIS";"DIREITOS INDIVIDUAIS, COLETIVOS E DIFUSOS";573.807,92;443.974,69;431.244,96
"COMERCIO E SERVICOS";"LOTERIA DO ESTADO DE MINAS GERAIS";COMERCIALIZACAO;5.158.280,63;2.707.975,08;2.699.403,66
"DIREITOS DA CIDADANIA";"FUNDO PARA A INFANCIA E A ADOLESCENCIA";"ASSISTENCIA A CRIANCA E AO ADOLESCENTE";271.373,01;271.373,01;256.117,01
"SEGURANCA PUBLICA";"GABINETE MILITAR DO GOVERNADOR DO ESTADO DE MINAS GERAIS";"DEFESA DA ORDEM JURIDICA";7.152.388,65;5.843.119,75;3.010.503,20
"ENCARGOS ESPECIAIS";"FUNDACAO ESTADUAL DO MEIO AMBIENTE";"OUTROS ENCARGOS ESPECIAIS";7.375.398,15;7.282.493,30;6.698.822,49
"ENCARGOS ESPECIAIS";"INSTITUTO DE PREVIDENCIA DOS SERVIDORES MILITARES DO ESTADO DE MINAS GERAIS";"OUTROS ENCARGOS ESPECIAIS";5.629.647,26;5.583.132,54;5.420.426,13
"PREVIDENCIA SOCIAL";"TRIBUNAL DE JUSTICA MILITAR DO ESTADO DE MINAS GERAIS";"PREVIDENCIA DO REGIME ESTATUTARIO";14.653.995,10;14.653.995,10;14.653.995,10
"PREVIDENCIA SOCIAL";"FUNDO DE ASSISTENCIA AO PECULIO DOS SERVIDORES DO ESTADO DE MINAS GERAIS";"PREVIDENCIA DO REGIME ESTATUTARIO";125.138.261,65;124.897.169,07;18.140.048,87
"COMERCIO E SERVICOS";"PARTICIPACAO NO AUMENTO DO CAPITAL SOCIAL DE EMPRESAS";"SERVICOS FINANCEIROS";67.546.261,38;67.493.352,38;67.493.352,38
AGRICULTURA;"EMPRESA DE ASSISTENCIA TECNICA E EXTENSAO RURAL DO ESTADO DE MINAS GERAIS";"ADMINISTRACAO GERAL";261.243.958,43;261.243.958,43;261.243.958,43
ADMINISTRACAO;"SECRETARIA DE ESTADO DE CASA CIVIL E DE RELACOES INSTITUCIONAIS";"ADMINISTRACAO GERAL";15.895.640,56;15.894.149,12;15.703.223,92
URBANISMO;"AGENCIA DE DESENVOLVIMENTO DA REGIAO METROPOLITANA DE BELO HORIZONTE";"ADMINISTRACAO GERAL";4.723.996,31;4.634.265,57;4.570.174,85
EDUCACAO;"UNIVERSIDADE ESTADUAL DE MONTES CLAROS";"ADMINISTRACAO GERAL";237.854.177,03;235.033.265,53;231.560.527,18
LEGISLATIVA;"TRIBUNAL DE CONTAS DO ESTADO DE MINAS GERAIS";"ADMINISTRACAO GERAL";43.016.314,28;36.093.134,65;31.195.603,23
"ASSISTENCIA SOCIAL";"SECRETARIA DE ESTADO DE  DESENVOLVIMENTO SOCIAL";"ASSISTENCIA COMUNITARIA";23.245.703,43;23.245.603,41;22.303.684,52
TRABALHO;"SECRETARIA DE ESTADO DE  DESENVOLVIMENTO SOCIAL";"FOMENTO AO TRABALHO";3.300.431,61;2.921.819,83;2.643.861,68
CULTURA;"FUNDO ESTADUAL DE CULTURA";"DIFUSAO CULTURAL";441.649,94;441.649,94;380.449,94
EDUCACAO;"UNIVERSIDADE ESTADUAL DE MONTES CLAROS";"ENSINO SUPERIOR";7.918.606,96;6.494.622,12;6.038.305,79
"SEGURANCA PUBLICA";"POLICIA MILITAR DO ESTADO DE MINAS GERAIS";"FORMACAO DE RECURSOS HUMANOS";982.619,47;746.862,12;316.942,72
"ORGANIZACAO AGRARIA";"SECRETARIA DE ESTADO DE AGRICULTURA, PECUARIA E ABASTECIMENTO";"REFORMA AGRARIA";1.334.081,87;12.596,50;13.208,75
EDUCACAO;"SECRETARIA DE ESTADO DE EDUCACAO";"ENSINO PROFISSIONAL";41.417.211,66;41.275.258,56;41.275.348,56
"SEGURANCA PUBLICA";"SECRETARIA DE ESTADO DE SEGURANCA PUBLICA";"DIREITOS INDIVIDUAIS, COLETIVOS E DIFUSOS";2.503.792,90;2.484.501,37;2.415.055,58
EDUCACAO;"UNIVERSIDADE DO ESTADO DE MINAS GERAIS";"DESENVOLVIMENTO CIENTIFICO";259.163,10;259.163,10;259.163,10
"COMERCIO E SERVICOS";"SECRETARIA DE ESTADO DE DESENVOLVIMENTO ECONOMICO";"PROMOCAO COMERCIAL";276.947,77;271.904,40;269.227,95
"ENCARGOS ESPECIAIS";"FUNDACAO CLOVIS SALGADO";"OUTROS ENCARGOS ESPECIAIS";35.190,90;35.190,90;34.982,09
"ENCARGOS ESPECIAIS";"INSTITUTO DE DESENVOLVIMENTO DO NORTE E NORDESTE DE MINAS GERAIS";"OUTROS ENCARGOS ESPECIAIS";145.236,63;145.236,63;138.962,02
URBANISMO;"FUNDO DE DESENVOLVIMENTO METROPOLITANO";"ORDENAMENTO TERRITORIAL";452.382,97;320.524,52;316.465,19
"PREVIDENCIA SOCIAL";"TRIBUNAL DE CONTAS DO ESTADO DE MINAS GERAIS";"PREVIDENCIA DO REGIME ESTATUTARIO";239.569.253,60;239.569.253,60;239.600.910,67
EDUCACAO;"UNIVERSIDADE ESTADUAL DE MONTES CLAROS";"DIFUSAO DO CONHECIMENTO CIENTIFICO E TECNOLOGICO";237.367,23;75.827,47;75.593,77
AGRICULTURA;"INSTITUTO MINEIRO DE AGROPECUARIA";"ADMINISTRACAO GERAL";172.676.096,21;170.899.292,13;170.690.211,30
"ESSENCIAL A JUSTICA";"DEFENSORIA PUBLICA DO ESTADO DE MINAS GERAIS";"ADMINISTRACAO GERAL";358.109.977,67;355.097.380,47;352.715.515,61
"COMERCIO E SERVICOS";"JUNTA COMERCIAL DO ESTADO DE MINAS GERAIS";"ADMINISTRACAO GERAL";21.365.222,73;20.458.890,79;19.418.041,28
"SEGURANCA PUBLICA";"SECRETARIA DE ESTADO DE SEGURANCA PUBLICA";"ADMINISTRACAO GERAL";22.237.294,21;21.843.267,57;21.130.166,06
"ENCARGOS ESPECIAIS";"EGE SEC.FAZENDA-ENCARGOS DIVERSOS";"OUTRAS TRANSFERENCIAS";16.009.635.052,98;16.009.635.052,98;15.004.973.664,47
TRANSPORTE;"FUNDO DE PAGAMENTO DE PARCERIAS PUBLICO-PRIVADAS DE MINAS GERAIS";"ADMINISTRACAO DE CONCESSOES";18.954.313,35;13.749.380,01;12.360.828,56
SAUDE;"FUNDO ESTADUAL DE SAUDE";"ATENCAO BASICA";1.414.529.305,94;1.391.814.731,47;93.936.813,22
TRANSPORTE;"SECRETARIA DE ESTADO  DE INFRAESTRUTURA E MOBILIDADE";"TRANSPORTES COLETIVOS URBANOS";880.453,18;803.332,59;803.332,59
"GESTAO AMBIENTAL";"INSTITUTO MINEIRO DE GESTAO DAS AGUAS";"RECURSOS HIDRICOS";43.771.823,96;31.900.671,70;8.451.230,40
"SEGURANCA PUBLICA";"FUNDO PENITENCIARIO ESTADUAL";"CUSTODIA E REINTEGRACAO SOCIAL";11.446.657,52;11.127.880,88;11.127.880,88
"ESSENCIAL A JUSTICA";"PROCURADORIA GERAL DE JUSTICA";"DEFESA DO INTERESSE PUBLICO NO PROCESSO JUDICIARIO";825.019.416,85;806.297.205,07;806.148.252,72
SAUDE;"INSTITUTO DE PREVIDENCIA DOS SERVIDORES MILITARES DO ESTADO DE MINAS GERAIS";"FORMACAO DE RECURSOS HUMANOS";11.614,78;11.614,78;12.138,78
EDUCACAO;"SECRETARIA DE ESTADO DE EDUCACAO";"EDUCACAO ESPECIAL";470.913.553,40;470.888.761,61;471.600.197,91
AGRICULTURA;"SECRETARIA DE ESTADO DE DESENVOLVIMENTO AGRARIO";"PLANEJAMENTO E ORCAMENTO";5.032,81;5.032,81;6.315,91
"GESTAO AMBIENTAL";"INSTITUTO MINEIRO DE GESTAO DAS AGUAS";"PRESERVACAO E CONSERVACAO AMBIENTAL";58.915,92;50.103,91;51.939,94
"GESTAO AMBIENTAL";"FUNDO DE RECUPERACAO, PROTECAO E DESENVOLVIMENTO SUSTENTAVEL DAS BACIAS HIDROGRAFICAS DO ESTADO DE M";"PRESERVACAO E CONSERVACAO AMBIENTAL";40.065,68;40.065,68;31.145,53
"SEGURANCA PUBLICA";"SECRETARIA DE ESTADO DE SEGURANCA PUBLICA";"PROTECAO E BENEFICIOS AO TRABALHADOR";277.000,88;270.895,88;270.853,56
"GESTAO AMBIENTAL";"SECRETARIA DE ESTADO  DE INFRAESTRUTURA E MOBILIDADE";"INFRA-ESTRUTURA URBANA";1.992.918,89;0,00;0,00
SAUDE;"FUNDO ESTADUAL DE SAUDE";"INFRA-ESTRUTURA URBANA";1.439.994,00;1.439.994,00;1.439.994,00
SANEAMENTO;"SECRETARIA DE ESTADO DE DESENVOLVIMENTO E INTEGRACAO DO NORTE E NORDESTE DE MINAS GERAIS";"SANEAMENTO BASICO URBANO";17.650.459,66;2.235.499,56;2.235.499,56
ADMINISTRACAO;"SECRETARIA DE ESTADO DE GOVERNO";"COMUNICACAO SOCIAL";11.491.202,95;10.616.185,08;10.495.228,49
"SEGURANCA PUBLICA";"POLICIA MILITAR DO ESTADO DE MINAS GERAIS";"PREVIDENCIA DO REGIME ESTATUTARIO";6.256.908.235,52;6.256.908.235,52;6.256.908.235,52
SAUDE;"FUNDO DE APOIO HABITACIONAL DA ASSEMBLEIA LEGISLATIVA DE MINAS GERAIS";"ASSISTENCIA HOSPITALAR E AMBULATORIAL";35.628.100,84;35.628.100,84;35.307.447,90
"SEGURANCA PUBLICA";"POLICIA CIVIL DO ESTADO DE MINAS GERAIS";"ASSISTENCIA HOSPITALAR E AMBULATORIAL";423.497,00;392.850,89;380.546,52
ADMINISTRACAO;"GABINETE MILITAR DO GOVERNADOR DO ESTADO DE MINAS GERAIS";"ADMINISTRACAO GERAL";7.723.263,79;7.247.330,15;6.281.923,01
ADMINISTRACAO;"SECRETARIA DE ESTADO DE ESPORTES";"ADMINISTRACAO GERAL";5.183.569,06;5.183.569,06;5.183.569,06
SAUDE;"ESCOLA DE SAUDE PUBLICA DO ESTADO DE MINAS GERAIS";"ADMINISTRACAO GERAL";10.237.686,46;9.992.486,23;9.791.600,53
"DIREITOS DA CIDADANIA";"OUVIDORIA-GERAL DO ESTADO DE MINAS GERAIS";"ADMINISTRACAO GERAL";6.306.674,10;6.306.674,10;6.306.674,10
"SEGURANCA PUBLICA";"GABINETE MILITAR DO GOVERNADOR DO ESTADO DE MINAS GERAIS";"ADMINISTRACAO GERAL";9.524.835,74;9.524.835,74;9.524.835,74
"SEGURANCA PUBLICA";"CORPO DE BOMBEIROS MILITAR DO ESTADO DE MINAS GERAIS";"ADMINISTRACAO GERAL";717.672.111,35;717.670.535,26;717.637.016,67
INDUSTRIA;"SECRETARIA DE ESTADO DE DESENVOLVIMENTO ECONOMICO";MINERACAO;103.436,05;55.387,18;54.982,07
"SEGURANCA PUBLICA";"SECRETARIA DE ESTADO DE JUSTICA E SEGURANCA PUBLICA";"CUSTODIA E REINTEGRACAO SOCIAL";1.915.110.869,63;1.792.831.612,05;1.710.943.799,17
"ESSENCIAL A JUSTICA";"DEFENSORIA PUBLICA DO ESTADO DE MINAS GERAIS";"FORMACAO DE RECURSOS HUMANOS";209.814,84;209.164,84;210.737,19
EDUCACAO;"SECRETARIA DE ESTADO DE EDUCACAO";"ALIMENTACAO E NUTRICAO";314.813.246,56;314.596.323,97;314.612.279,36
COMUNICACOES;"SECRETARIA DE ESTADO DE PLANEJAMENTO E GESTAO";TELECOMUNICACOES;2.379.103,28;1.482.492,12;1.479.842,41
SAUDE;"FUNDACAO HOSPITALAR DO ESTADO DE MINAS GERAIS";"ENSINO PROFISSIONAL";20.474.366,35;20.474.366,35;20.474.366,35
"SEGURANCA PUBLICA";"SECRETARIA DE ESTADO DE JUSTICA E SEGURANCA PUBLICA";"ENSINO PROFISSIONAL";71.400,85;59.400,85;59.986,55
AGRICULTURA;"EMPRESA DE PESQUISA AGROPECUARIA DE MINAS GERAIS";"DESENVOLVIMENTO CIENTIFICO";11.765.741,23;11.765.741,23;11.765.741,23
SAUDE;"FUNDACAO EZEQUIEL DIAS";"DESENVOLVIMENTO CIENTIFICO";1.685.480,65;1.151.724,40;1.098.026,91
SAUDE;"ESCOLA DE SAUDE PUBLICA DO ESTADO DE MINAS GERAIS";"DESENVOLVIMENTO CIENTIFICO";21.785,72;21.477,30;21.803,58
URBANISMO;"DEPARTAMENTO DE EDIFICACOES E ESTRADAS DE RODAGEM DO ESTADO DE MINAS GERAIS";"INFRA-ESTRUTURA URBANA";14.402.918,12;8.812.969,88;8.480.845,95
"DESPORTO E LAZER";"SECRETARIA DE ESTADO DE ESPORTES";"TECNOLOGIA DA INFORMACAO";92.718,66;92.718,66;92.718,66
"SEGURANCA PUBLICA";"POLICIA CIVIL DO ESTADO DE MINAS GERAIS";"TECNOLOGIA DA INFORMACAO";46.784.855,12;40.653.722,76;35.569.258,41
AGRICULTURA;"INSTITUTO MINEIRO DE AGROPECUARIA";"VIGILANCIA SANITARIA";1.311.198,49;1.259.511,90;1.268.175,95
"ENCARGOS ESPECIAIS";"FUNDACAO EZEQUIEL DIAS";"OUTROS ENCARGOS ESPECIAIS";23.364.926,19;23.259.948,53;23.225.947,92
"ENCARGOS ESPECIAIS";"INSTITUTO MINEIRO DE AGROPECUARIA";"OUTROS ENCARGOS ESPECIAIS";1.708.927,79;1.708.927,79;1.547.805,42
"ENCARGOS ESPECIAIS";"INSTITUTO DE METROLOGIA E QUALIDADE DO ESTADO DE MINAS GERAIS";"OUTROS ENCARGOS ESPECIAIS";70.332,22;70.332,22;63.229,07
"GESTAO AMBIENTAL";"FUNDACAO ESTADUAL DO MEIO AMBIENTE";"CONTROLE AMBIENTAL";18.529,51;17.675,27;18.475,27
"PREVIDENCIA SOCIAL";"ASSEMBLEIA LEGISLATIVA DO ESTADO DE MINAS GERAIS";"PREVIDENCIA DO REGIME ESTATUTARIO";396.578.194,29;396.578.194,29;396.578.194,29
ADMINISTRACAO;"CONTROLADORIA-GERAL DO ESTADO";"CONTROLE INTERNO";957.276,43;810.452,27;791.890,16
ADMINISTRACAO;"SECRETARIA DE ESTADO DE DESENVOLVIMENTO E INTEGRACAO DO NORTE E NORDESTE DE MINAS GERAIS";"ADMINISTRACAO GERAL";646.693,61;646.693,61;641.354,25
EDUCACAO;"FUNDACAO EDUCACIONAL CAIO MARTINS";"ADMINISTRACAO GERAL";3.468.682,14;3.355.674,93;3.325.829,47
EDUCACAO;"SECRETARIA DE ESTADO DE EDUCACAO";"ADMINISTRACAO GERAL";546.679.540,99;525.572.830,90;517.676.074,74
AGRICULTURA;"EMPRESA DE ASSISTENCIA TECNICA E EXTENSAO RURAL DO ESTADO DE MINAS GERAIS";"EXTENSAO RURAL";35.015.860,92;35.015.860,92;35.015.860,92
"SEGURANCA PUBLICA";"FUNDO DE PAGAMENTO DE PARCERIAS PUBLICO-PRIVADAS DE MINAS GERAIS";"ADMINISTRACAO DE CONCESSOES";101.036.375,01;90.242.030,39;87.762.468,87
EDUCACAO;"FUNDACAO JOAO PINHEIRO";"ENSINO SUPERIOR";1.512.352,26;1.467.777,51;1.462.447,95
ADMINISTRACAO;"SECRETARIA DE ESTADO DE FAZENDA";"ADMINISTRACAO DE RECEITAS";25.104.317,36;21.814.310,00;19.923.193,96
"DIREITOS DA CIDADANIA";"SECRETARIA DE ESTADO DE AGRICULTURA, PECUARIA E ABASTECIMENTO";"REFORMA AGRARIA";678,50;678,50;678,50
HABITACAO;"FUNDO DE APOIO HABITACIONAL AOS MILITARES DO ESTADO DE MINAS GERAIS";"HABITACAO URBANA";295.362,00;283.496,80;283.496,80
EDUCACAO;"POLICIA MILITAR DO ESTADO DE MINAS GERAIS";"ENSINO MEDIO";38.791.222,96;38.517.474,14;37.903.994,50
SAUDE;"SECRETARIA DE ESTADO DE JUSTICA E SEGURANCA PUBLICA";"DIREITOS INDIVIDUAIS, COLETIVOS E DIFUSOS";149.967,97;149.967,97;149.967,97
SAUDE;"FUNDACAO EZEQUIEL DIAS";"SUPORTE PROFILATICO E TERAPEUTICO";462.237.574,52;223.182.874,48;78.534.438,82
SAUDE;"FUNDACAO CENTRO DE HEMATOLOGIA E HEMOTERAPIA DE MINAS GERAIS";"SUPORTE PROFILATICO E TERAPEUTICO";2.129.563,05;1.113.754,01;597.549,03
EDUCACAO;"SECRETARIA DE ESTADO DE EDUCACAO";"ENSINO FUNDAMENTAL";5.212.879.284,78;5.018.050.012,88;4.844.975.264,60
AGRICULTURA;"INSTITUTO DE DESENVOLVIMENTO DO NORTE E NORDESTE DE MINAS GERAIS";"PROMOCAO DA PRODUCAO AGROPECUARIA";4.883.455,44;2.043.101,49;1.912.241,94
ADMINISTRACAO;"SECRETARIA DE ESTADO DE PLANEJAMENTO E GESTAO";"TECNOLOGIA DA INFORMACAO";2.031.734,45;1.733.373,21;1.690.974,56
EDUCACAO;"SECRETARIA DE ESTADO DE EDUCACAO";"EDUCACAO BASICA";24.274.937,92;21.129.685,80;21.076.057,63
"SEGURANCA PUBLICA";"SECRETARIA DE ESTADO DE JUSTICA E SEGURANCA PUBLICA";"ASSISTENCIA A CRIANCA E AO ADOLESCENTE";42.821.429,31;34.442.205,70;31.367.363,23
"ENCARGOS ESPECIAIS";"INSTITUTO ESTADUAL DE FLORESTAS";"OUTROS ENCARGOS ESPECIAIS";396.721,48;379.750,80;360.032,20
ADMINISTRACAO;"FUNDACAO JOAO PINHEIRO";"ORDENAMENTO TERRITORIAL";26.502,18;26.502,18;26.541,61
"COMERCIO E SERVICOS";"JUNTA COMERCIAL DO ESTADO DE MINAS GERAIS";"NORMATIZACAO E FISCALIZACAO";8.633.562,88;6.691.332,64;5.726.675,81
"PREVIDENCIA SOCIAL";"FUNDO FINANCEIRO DE PREVIDENCIA";"PREVIDENCIA DO REGIME ESTATUTARIO";13.358.865.166,79;13.358.702.183,88;13.358.702.183,88
"GESTAO AMBIENTAL";"FUNDACAO ESTADUAL DO MEIO AMBIENTE";"ADMINISTRACAO GERAL";19.404.614,39;19.289.775,31;19.163.213,65
ADMINISTRACAO;"CONTROLADORIA-GERAL DO ESTADO";"ADMINISTRACAO GERAL";33.110.595,45;32.885.730,33;32.802.926,64
ADMINISTRACAO;"FUNDACAO JOAO PINHEIRO";"ADMINISTRACAO GERAL";37.252.480,42;36.427.281,66;35.582.052,76
ADMINISTRACAO;"CIDADE ADMINISTRATIVA";"ADMINISTRACAO GERAL";83.457.137,61;65.064.317,53;38.326.486,26
SAUDE;"INSTITUTO DE PREVIDENCIA DOS SERVIDORES MILITARES DO ESTADO DE MINAS GERAIS";"ADMINISTRACAO GERAL";52.901.511,90;42.270.164,09;39.656.435,40
LEGISLATIVA;"FUNDO DO TRIBUNAL DE CONTAS DO ESTADO DE MINAS GERAIS";"ADMINISTRACAO GERAL";52.000,00;0,00;0,00
TRABALHO;"FUNDACAO DE EDUCACAO PARA O TRABALHO DE MINAS GERAIS";"ADMINISTRACAO GERAL";5.723.738,58;5.511.745,87;5.220.737,60
"SEGURANCA PUBLICA";"POLICIA MILITAR DO ESTADO DE MINAS GERAIS";POLICIAMENTO;258.210.039,10;210.346.297,56;108.095.964,84
CULTURA;"FUNDACAO DE ARTE DE OURO PRETO";"PATRIMONIO HISTORICO, ARTISTICO E ARQUEOLOGICO";145.107,90;137.833,95;133.727,03
"SEGURANCA PUBLICA";"CORPO DE BOMBEIROS MILITAR DO ESTADO DE MINAS GERAIS";"FORMACAO DE RECURSOS HUMANOS";5.730.920,75;4.984.736,01;4.961.207,06
"DIREITOS DA CIDADANIA";"SECRETARIA DE ESTADO DE  DESENVOLVIMENTO SOCIAL";"ALIMENTACAO E NUTRICAO";128.929,92;78.929,92;77.781,42
ADMINISTRACAO;"SECRETARIA DE ESTADO DE PLANEJAMENTO E GESTAO";"PLANEJAMENTO E ORCAMENTO";1.087.816,09;346.085,71;336.936,60
"ORGANIZACAO AGRARIA";"SECRETARIA DE ESTADO DE DESENVOLVIMENTO AGRARIO";"REFORMA AGRARIA";794.957,03;794.957,03;795.904,03
CULTURA;"FUNDACAO TV MINAS CULTURAL E EDUCATIVA";TELECOMUNICACOES;3.106.561,88;1.740.835,49;1.318.802,07
TRABALHO;"SECRETARIA DE ESTADO DE  DESENVOLVIMENTO SOCIAL";"ENSINO PROFISSIONAL";9.026,58;7.026,58;7.026,58
ADMINISTRACAO;"SECRETARIA DE ESTADO DE PLANEJAMENTO E GESTAO";"PROTECAO E BENEFICIOS AO TRABALHADOR";3.695.575,35;3.411.480,72;3.167.682,37
"SEGURANCA PUBLICA";"SECRETARIA DE ESTADO  DE INFRAESTRUTURA E MOBILIDADE";"INFRA-ESTRUTURA URBANA";37.277.799,67;6.077.003,67;6.022.102,28
ADMINISTRACAO;"SECRETARIA DE ESTADO DE GOVERNO";"TECNOLOGIA DA INFORMACAO";336.834,74;258.632,39;247.764,51
"SEGURANCA PUBLICA";"POLICIA MILITAR DO ESTADO DE MINAS GERAIS";"TECNOLOGIA DA INFORMACAO";8.230.684,52;6.669.018,17;3.249.388,99
EDUCACAO;"FUNDACAO EDUCACIONAL CAIO MARTINS";"EDUCACAO BASICA";18.372,33;16.733,92;14.207,48
SAUDE;"FUNDO ESTADUAL DE SAUDE";"VIGILANCIA EPIDEMIOLOGICA";861.521.232,24;64.447.681,70;32.597.048,82
"ENCARGOS ESPECIAIS";"JUNTA COMERCIAL DO ESTADO DE MINAS GERAIS";"OUTROS ENCARGOS ESPECIAIS";4.590.729,08;4.590.729,08;4.586.467,67
"SEGURANCA PUBLICA";"POLICIA CIVIL DO ESTADO DE MINAS GERAIS";"CONTROLE INTERNO";200.597,71;195.735,21;194.365,56
ADMINISTRACAO;"SECRETARIA DE ESTADO DE GOVERNO";"ADMINISTRACAO GERAL";143.797.722,80;121.242.885,53;116.719.079,37
URBANISMO;"AGENCIA DE DESENVOLVIMENTO DA REGIAO METROPOLITANA DO VALE DO ACO";"ADMINISTRACAO GERAL";1.472.232,69;1.441.562,96;1.438.627,80
TRANSPORTE;"DEPARTAMENTO DE EDIFICACOES E ESTRADAS DE RODAGEM DO ESTADO DE MINAS GERAIS";"ADMINISTRACAO GERAL";160.678.772,47;156.683.728,21;153.931.770,13
EDUCACAO;"UNIVERSIDADE DO ESTADO DE MINAS GERAIS";"ADMINISTRACAO GERAL";149.877.866,92;149.857.619,72;149.952.666,49
CULTURA;"EMPRESA MINEIRA DE COMUNICACAO";"ADMINISTRACAO GERAL";10.121.950,90;10.121.950,90;10.121.950,90
TRANSPORTE;"SECRETARIA DE ESTADO  DE INFRAESTRUTURA E MOBILIDADE";"ADMINISTRACAO DE CONCESSOES";6.926.882,66;5.190.952,03;5.102.261,47
"ASSISTENCIA SOCIAL";"INSTITUTO DE PREVIDENCIA DOS SERVIDORES DO ESTADO DE MINAS GERAIS";"ASSISTENCIA COMUNITARIA";840.871,24;799.457,67;799.457,67
"SEGURANCA PUBLICA";"POLICIA CIVIL DO ESTADO DE MINAS GERAIS";"CUSTODIA E REINTEGRACAO SOCIAL";308.817,70;275.385,90;276.227,48
ADMINISTRACAO;"SECRETARIA DE ESTADO DE FAZENDA";"FORMACAO DE RECURSOS HUMANOS";820.627,00;707.931,62;671.265,92
ADMINISTRACAO;"FUNDACAO JOAO PINHEIRO";"PLANEJAMENTO E ORCAMENTO";189.673,47;112.890,01;115.334,06
EDUCACAO;"UNIVERSIDADE ESTADUAL DE MONTES CLAROS";"ENSINO PROFISSIONAL";13.280.679,94;2.631.274,72;2.396.250,21
CULTURA;"FUNDACAO CLOVIS SALGADO";"ENSINO PROFISSIONAL";944.239,82;944.239,79;944.239,79
HABITACAO;"FUNDO ESTADUAL DE HABITACAO";"HABITACAO URBANA";18.860.174,21;17.838.209,38;17.810.322,90
SAUDE;"SECRETARIA DE ESTADO DE SEGURANCA PUBLICA";"DIREITOS INDIVIDUAIS, COLETIVOS E DIFUSOS";2.525.106,33;2.525.106,33;2.525.106,33
"SEGURANCA PUBLICA";"SECRETARIA DE ESTADO DE JUSTICA E SEGURANCA PUBLICA";"DIREITOS INDIVIDUAIS, COLETIVOS E DIFUSOS";321.853,74;254.115,53;8.135,31
"COMERCIO E SERVICOS";"INSTITUTO DE DESENVOLVIMENTO DO NORTE E NORDESTE DE MINAS GERAIS";"PROMOCAO COMERCIAL";425.129,00;313.325,00;313.325,00
"ENCARGOS ESPECIAIS";"FUNDACAO DE EDUCACAO PARA O TRABALHO DE MINAS GERAIS";"OUTROS ENCARGOS ESPECIAIS";55.536,54;55.536,54;51.965,07
"SEGURANCA PUBLICA";"CORPO DE BOMBEIROS MILITAR DO ESTADO DE MINAS GERAIS";"PREVIDENCIA DO REGIME ESTATUTARIO";448.157.449,39;448.157.449,39;448.157.449,39
ADMINISTRACAO;"SECRETARIA DE ESTADO DE DIREITOS HUMANOS, PARTICIPACAO SOCIAL E CIDADANIA";"ADMINISTRACAO GERAL";9.374.054,13;9.374.054,13;9.374.054,13
URBANISMO;"AGENCIA REGULADORA DE SERVICOS DE ABASTECIMENTO DE AGUA E DE ESGOTAMENTO SANITARIO DO ESTADO DE MINA";"ADMINISTRACAO GERAL";10.006.207,07;9.970.519,22;9.907.881,39
SAUDE;"SECRETARIA DE ESTADO DE JUSTICA E SEGURANCA PUBLICA";"ADMINISTRACAO GERAL";88.150.387,14;88.150.387,14;88.150.387,14
AGRICULTURA;"SECRETARIA DE ESTADO DE DESENVOLVIMENTO AGRARIO";"OUTRAS TRANSFERENCIAS";3.696.582,00;3.696.582,00;3.696.582,00
"ASSISTENCIA SOCIAL";"FUNDO ESTADUAL DE ASSISTENCIA SOCIAL";"ASSISTENCIA COMUNITARIA";69.637.253,04;36.644.391,91;35.645.355,57
"SEGURANCA PUBLICA";"SECRETARIA DE ESTADO DE SEGURANCA PUBLICA";POLICIAMENTO;11.032.097,52;11.028.021,92;9.789.199,02
CULTURA;"FUNDACAO DE ARTE DE OURO PRETO";"DIFUSAO CULTURAL";349.173,01;306.501,55;272.748,33
CULTURA;"INSTITUTO ESTADUAL DO PATRIMONIO HISTORICO E ARTISTICO DE MINAS GERAIS";"PATRIMONIO HISTORICO, ARTISTICO E ARQUEOLOGICO";2.776.526,28;2.041.209,29;2.028.143,60
"PREVIDENCIA SOCIAL";"INSTITUTO DE PREVIDENCIA DOS SERVIDORES MILITARES DO ESTADO DE MINAS GERAIS";"FORMACAO DE RECURSOS HUMANOS";5.564,08;5.564,08;5.851,08
SAUDE;"FUNDACAO EZEQUIEL DIAS";"FORMACAO DE RECURSOS HUMANOS";117.775,03;117.775,03;117.811,50
SAUDE;"FUNDACAO HOSPITALAR DO ESTADO DE MINAS GERAIS";"FORMACAO DE RECURSOS HUMANOS";207.539,55;201.516,52;204.579,75
LEGISLATIVA;"TRIBUNAL DE CONTAS DO ESTADO DE MINAS GERAIS";"CONTROLE EXTERNO";487.215.489,43;484.311.864,25;483.707.230,28
"ASSISTENCIA SOCIAL";"FUNDO ESTADUAL DE ASSISTENCIA SOCIAL";"ASSISTENCIA AO PORTADOR DE DEFICIENCIA";6.745.238,76;6.745.238,76;6.745.238,76
"DIREITOS DA CIDADANIA";"SECRETARIA DE ESTADO DE AGRICULTURA, PECUARIA E ABASTECIMENTO";"DIREITOS INDIVIDUAIS, COLETIVOS E DIFUSOS";2.153,00;2.153,00;2.153,00
EDUCACAO;"SECRETARIA DE ESTADO DE EDUCACAO";"TRANSPORTE RODOVIARIO";318.879.885,49;316.377.390,80;316.090.213,73
AGRICULTURA;"SECRETARIA DE ESTADO DE AGRICULTURA, PECUARIA E ABASTECIMENTO";COMERCIALIZACAO;8.140,99;2.960,99;2.960,99
EDUCACAO;"SECRETARIA DE ESTADO DE EDUCACAO";"EDUCACAO INFANTIL";2.508.025,77;2.508.025,77;2.508.025,77
EDUCACAO;"SECRETARIA DE ESTADO DE EDUCACAO";"EDUCACAO DE JOVENS E ADULTOS";273.229.034,02;273.219.986,72;274.341.260,82
"CIENCIA E TECNOLOGIA";"SECRETARIA DE ESTADO DE DESENVOLVIMENTO ECONOMICO";"DESENVOLVIMENTO CIENTIFICO";8.315.822,92;7.258.855,45;7.105.971,20
AGRICULTURA;"SECRETARIA DE ESTADO DE AGRICULTURA, PECUARIA E ABASTECIMENTO";"PROMOCAO DA PRODUCAO AGROPECUARIA";12.233.960,26;9.302.424,02;8.889.167,41
TRANSPORTE;"SECRETARIA DE ESTADO  DE INFRAESTRUTURA E MOBILIDADE";"TRANSPORTE AEREO";846.368,71;846.368,71;846.368,71
SAUDE;"INSTITUTO DE PREVIDENCIA DOS SERVIDORES MILITARES DO ESTADO DE MINAS GERAIS";"ASSISTENCIA HOSPITALAR E AMBULATORIAL";568.993.897,35;545.211.007,72;533.048.784,00
JUDICIARIA;"FUNDO ESPECIAL DO PODER JUDICIARIO DO ESTADO DE MINAS GERAIS";"ACAO JUDICIARIA";1.068.523.769,55;923.634.703,46;860.485.095,28
SANEAMENTO;"AGENCIA REGULADORA DE SERVICOS DE ABASTECIMENTO DE AGUA E DE ESGOTAMENTO SANITARIO DO ESTADO DE MINA";"NORMALIZACAO E QUALIDADE";164.122,78;163.615,01;170.889,62
"GESTAO AMBIENTAL";"INSTITUTO ESTADUAL DE FLORESTAS";"ADMINISTRACAO GERAL";97.070.578,56;95.244.366,86;94.728.220,26
ADMINISTRACAO;"INSTITUTO DE DESENVOLVIMENTO DO NORTE E NORDESTE DE MINAS GERAIS";"ADMINISTRACAO GERAL";10.879.928,08;10.151.643,71;9.890.668,95
SAUDE;"FUNDO ESTADUAL DE SAUDE";"ADMINISTRACAO GERAL";646.627.932,18;621.845.174,63;605.260.457,49
"DIREITOS DA CIDADANIA";"SECRETARIA DE ESTADO DE DIREITOS HUMANOS, PARTICIPACAO SOCIAL E CIDADANIA";"ADMINISTRACAO GERAL";695.109,45;652.552,40;597.263,57
"SEGURANCA PUBLICA";"SECRETARIA DE ESTADO DE JUSTICA E SEGURANCA PUBLICA";"ADMINISTRACAO GERAL";47.945.189,80;45.012.137,90;43.443.364,83
"DIREITOS DA CIDADANIA";"FUNDO DE PAGAMENTO DE PARCERIAS PUBLICO-PRIVADAS DE MINAS GERAIS";"ADMINISTRACAO DE CONCESSOES";51.658.163,16;46.313.808,10;41.446.565,11
"ENCARGOS ESPECIAIS";"GESTAO DA DIVIDA PUBLICA ESTADUAL";"SERVICO DA DIVIDA INTERNA";7.520.814.512,98;6.969.775.316,74;44.880.401,57
HABITACAO;"FUNDO DE APOIO HABITACIONAL DA ASSEMBLEIA LEGISLATIVA DE MINAS GERAIS";"HABITACAO URBANA";4.145.941,54;3.935.941,54;3.621.726,25
"GESTAO AMBIENTAL";"SECRETARIA DE ESTADO DE MEIO AMBIENTE E DESENVOLVIMENTO SUSTENTAVEL";"PRESERVACAO E CONSERVACAO AMBIENTAL";3.051.614,08;3.050.185,04;3.050.879,44
"COMERCIO E SERVICOS";"SECRETARIA DE ESTADO DE CASA CIVIL E DE RELACOES INSTITUCIONAIS";COMERCIALIZACAO;6.072,20;6.072,20;5.920,40
"DESPORTO E LAZER";"SECRETARIA DE ESTADO DE ESPORTES";"EDUCACAO DE JOVENS E ADULTOS";6.520.504,26;6.517.829,76;6.340.942,41
"DESPORTO E LAZER";"SECRETARIA DE ESTADO DE  DESENVOLVIMENTO SOCIAL";"TECNOLOGIA DA INFORMACAO";110.073,09;106.273,19;106.273,19
"ENCARGOS ESPECIAIS";"FUNDACAO JOAO PINHEIRO";"OUTROS ENCARGOS ESPECIAIS";63.086,44;63.086,44;63.086,44
"ENCARGOS ESPECIAIS";"DEPARTAMENTO DE EDIFICACOES E ESTRADAS DE RODAGEM DO ESTADO DE MINAS GERAIS";"OUTROS ENCARGOS ESPECIAIS";96.992.619,20;96.992.619,20;93.517.935,02
"SEGURANCA PUBLICA";"SECRETARIA DE ESTADO DE SEGURANCA PUBLICA";"INFORMACAO E INTELIGENCIA";8.049.342,91;7.766.325,90;6.005.750,55
"PREVIDENCIA SOCIAL";"PROCURADORIA GERAL DE JUSTICA";"PREVIDENCIA DO REGIME ESTATUTARIO";509.388.883,19;509.388.883,19;509.388.883,19
SAUDE;"INSTITUTO DE PREVIDENCIA DOS SERVIDORES DO ESTADO DE MINAS GERAIS";"ASSISTENCIA HOSPITALAR E AMBULATORIAL";866.313.331,50;692.428.270,50;665.893.194,34
SAUDE;"FUNDO ESTADUAL DE SAUDE";"ACAO JUDICIARIA";160.328.023,10;120.919.744,19;87.024.096,48
"CIENCIA E TECNOLOGIA";"FUNDACAO DE AMPARO A PESQUISA DO ESTADO DE MINAS GERAIS";"DIFUSAO DO CONHECIMENTO CIENTIFICO E TECNOLOGICO";140.282.015,00;139.295.837,63;52.583.921,39
"ESSENCIAL A JUSTICA";"ADVOCACIA GERAL DO ESTADO";"ADMINISTRACAO GERAL";196.613.132,17;195.975.245,04;195.251.994,73
ADMINISTRACAO;"EGE-SECRETARIA DE ESTADO DE PLANEJAMENTO E GESTAO";"ADMINISTRACAO GERAL";15.654.092,87;11.625.977,77;11.376.157,81
SAUDE;"FUNDACAO EZEQUIEL DIAS";"ADMINISTRACAO GERAL";96.968.223,87;90.273.712,54;87.853.052,57
"CIENCIA E TECNOLOGIA";"FUNDACAO DE AMPARO A PESQUISA DO ESTADO DE MINAS GERAIS";"ADMINISTRACAO GERAL";22.186.135,96;20.426.687,25;19.711.473,11
"CIENCIA E TECNOLOGIA";"INSTITUTO DE METROLOGIA E QUALIDADE DO ESTADO DE MINAS GERAIS";"ADMINISTRACAO GERAL";25.718.420,96;25.339.722,38;24.354.426,72
"DESPORTO E LAZER";"SECRETARIA DE ESTADO  DE INFRAESTRUTURA E MOBILIDADE";"ADMINISTRACAO GERAL";1.590.870,32;1.146.525,40;1.083.043,49
CULTURA;"FUNDACAO CLOVIS SALGADO";"ADMINISTRACAO GERAL";31.195.996,31;30.137.517,50;28.356.762,26
AGRICULTURA;"INSTITUTO MINEIRO DE AGROPECUARIA";"DEFESA AGROPECUARIA";3.967.484,26;3.169.778,12;3.171.021,85
"DIREITOS DA CIDADANIA";"SECRETARIA DE ESTADO DE DIREITOS HUMANOS, PARTICIPACAO SOCIAL E CIDADANIA";"ASSISTENCIA COMUNITARIA";199.085,88;2.634,10;2.634,10
"SEGURANCA PUBLICA";"SECRETARIA DE ESTADO DE JUSTICA E SEGURANCA PUBLICA";POLICIAMENTO;17.362.208,34;16.423.577,41;12.795.526,91
CULTURA;"INSTITUTO ESTADUAL DO PATRIMONIO HISTORICO E ARTISTICO DE MINAS GERAIS";"DIFUSAO CULTURAL";88.485,00;88.485,00;0,00
"GESTAO AMBIENTAL";"FUNDO DE RECUPERACAO, PROTECAO E DESENVOLVIMENTO SUSTENTAVEL DAS BACIAS HIDROGRAFICAS DO ESTADO DE M";"RECURSOS HIDRICOS";2.106.344,64;1.991.734,28;1.854.316,92
SAUDE;"SECRETARIA DE ESTADO DE JUSTICA E SEGURANCA PUBLICA";"CUSTODIA E REINTEGRACAO SOCIAL";22.823.303,10;12.470.040,80;11.013.704,98
AGRICULTURA;"SECRETARIA DE ESTADO DE AGRICULTURA, PECUARIA E ABASTECIMENTO";"FORMACAO DE RECURSOS HUMANOS";10.000,00;7.650,00;7.650,00
ADMINISTRACAO;"EGE SEC.FAZENDA-ENCARGOS DIVERSOS";"ADMINISTRACAO DE RECEITAS";17.043.243,62;14.995.730,14;12.933.179,61
"SEGURANCA PUBLICA";"SECRETARIA DE ESTADO DE SEGURANCA PUBLICA";"ENSINO PROFISSIONAL";23.270,10;23.270,10;23.358,10
EDUCACAO;"FUNDACAO HELENA ANTIPOFF";"ENSINO MEDIO";8.926.536,93;7.521.317,64;7.495.601,64
EDUCACAO;"SECRETARIA DE ESTADO DE EDUCACAO";"DIREITOS INDIVIDUAIS, COLETIVOS E DIFUSOS";9.972.246,89;9.972.246,89;9.972.246,89
EDUCACAO;"SECRETARIA DE ESTADO  DE INFRAESTRUTURA E MOBILIDADE";"INFRA-ESTRUTURA URBANA";9.113.538,13;4.232.520,05;4.231.403,69
EDUCACAO;"POLICIA MILITAR DO ESTADO DE MINAS GERAIS";"ENSINO FUNDAMENTAL";57.241.001,10;56.934.383,51;56.035.748,61
ADMINISTRACAO;"SECRETARIA DE ESTADO DE FAZENDA";"TECNOLOGIA DA INFORMACAO";42.337.193,63;27.420.949,93;21.917.391,89
"PREVIDENCIA SOCIAL";"INSTITUTO DE PREVIDENCIA DOS SERVIDORES MILITARES DO ESTADO DE MINAS GERAIS";"TECNOLOGIA DA INFORMACAO";7.970.979,86;6.462.193,36;5.909.001,36
ADMINISTRACAO;"EGE SEC.FAZENDA-ENCARGOS DIVERSOS";"ADMINISTRACAO FINANCEIRA";484.194.264,07;446.154.201,27;144.860.795,21
ADMINISTRACAO;"PARTICIPACAO NO AUMENTO DO CAPITAL SOCIAL DE EMPRESAS";"ADMINISTRACAO FINANCEIRA";80.000.000,00;57.457.711,49;57.457.711,49
"ENCARGOS ESPECIAIS";"EGE SEC.FAZENDA-ENCARGOS DIVERSOS";"OUTROS ENCARGOS ESPECIAIS";10.151.776.306,41;9.845.181.924,33;9.845.181.924,33
"ENCARGOS ESPECIAIS";"FUNDACAO HOSPITALAR DO ESTADO DE MINAS GERAIS";"OUTROS ENCARGOS ESPECIAIS";243.205.530,91;243.178.524,31;240.293.392,16
"ENCARGOS ESPECIAIS";"UNIVERSIDADE ESTADUAL DE MONTES CLAROS";"OUTROS ENCARGOS ESPECIAIS";2.376.890,77;2.376.890,73;2.298.566,32
"ENCARGOS ESPECIAIS";"LOTERIA DO ESTADO DE MINAS GERAIS";"OUTROS ENCARGOS ESPECIAIS";1.877.780,76;1.877.780,76;1.877.780,76
"PREVIDENCIA SOCIAL";"INSTITUTO DE PREVIDENCIA DOS SERVIDORES MILITARES DO ESTADO DE MINAS GERAIS";"PREVIDENCIA DO REGIME ESTATUTARIO";1.417.319.943,64;1.412.231.643,75;982.753.930,16
EDUCACAO;"UNIVERSIDADE ESTADUAL DE MONTES CLAROS";"ASSISTENCIA HOSPITALAR E AMBULATORIAL";44.360.545,32;36.287.664,81;28.694.697,97
JUDICIARIA;"TRIBUNAL DE JUSTICA MILITAR DO ESTADO DE MINAS GERAIS";"ADMINISTRACAO GERAL";32.089.822,00;32.089.822,00;32.093.655,74
ADMINISTRACAO;"OUVIDORIA-GERAL DO ESTADO DE MINAS GERAIS";"ADMINISTRACAO GERAL";142.604,60;137.396,49;137.480,41
SAUDE;"INSTITUTO DE PREVIDENCIA DOS SERVIDORES DO ESTADO DE MINAS GERAIS";"ADMINISTRACAO GERAL";277.446.530,71;267.309.832,05;264.164.006,61
"COMERCIO E SERVICOS";"LOTERIA DO ESTADO DE MINAS GERAIS";"ADMINISTRACAO GERAL";2.071.867,37;2.052.376,85;2.038.185,13
LEGISLATIVA;"ASSEMBLEIA LEGISLATIVA DO ESTADO DE MINAS GERAIS";"ADMINISTRACAO GERAL";493.775.480,38;431.847.191,12;422.021.395,52
EDUCACAO;"FUNDACAO HELENA ANTIPOFF";"ASSISTENCIA COMUNITARIA";638.997,99;128.969,55;128.969,55
CULTURA;"SECRETARIA DE ESTADO DE CULTURA E TURISMO";"PATRIMONIO HISTORICO, ARTISTICO E ARQUEOLOGICO";17.798.281,10;17.658.281,10;15.379.836,06
AGRICULTURA;"SECRETARIA DE ESTADO DE AGRICULTURA, PECUARIA E ABASTECIMENTO";"RECURSOS HIDRICOS";8.181.802,90;7.093.052,51;5.737.500,67
LEGISLATIVA;"TRIBUNAL DE CONTAS DO ESTADO DE MINAS GERAIS";"FORMACAO DE RECURSOS HUMANOS";1.374.527,43;1.374.527,43;1.357.334,52
AGRICULTURA;"EMPRESA DE PESQUISA AGROPECUARIA DE MINAS GERAIS";"ENSINO PROFISSIONAL";295.327,55;295.327,55;295.327,55
ADMINISTRACAO;"EGE SEC.FAZENDA-ENCARGOS DIVERSOS";"PREVIDENCIA ESPECIAL";164.587.987,52;164.587.987,52;164.587.987,52
CULTURA;"FUNDACAO DE ARTE DE OURO PRETO";"EDUCACAO DE JOVENS E ADULTOS";114.971,63;58.477,55;45.951,50
"COMERCIO E SERVICOS";"SECRETARIA DE ESTADO DE CULTURA E TURISMO";TURISMO;439.415,05;376.819,69;376.938,61
AGRICULTURA;"SECRETARIA DE ESTADO DE DESENVOLVIMENTO AGRARIO";"PROMOCAO DA PRODUCAO AGROPECUARIA";741.530,99;234.800,00;169.850,00
ADMINISTRACAO;"SECRETARIA DE ESTADO DE FAZENDA";"ADMINISTRACAO FINANCEIRA";2.204.607,35;2.119.115,59;1.716.724,82
EDUCACAO;"FUNDACAO EDUCACIONAL CAIO MARTINS";"ASSISTENCIA A CRIANCA E AO ADOLESCENTE";692.238,57;476.980,26;271.907,61
"DESPORTO E LAZER";"SECRETARIA DE ESTADO DE  DESENVOLVIMENTO SOCIAL";"DESPORTO COMUNITARIO";1.075,00;1.075,00;0,00
"ENCARGOS ESPECIAIS";"GESTAO DA DIVIDA PUBLICA ESTADUAL";"OUTROS ENCARGOS ESPECIAIS";326.632.547,07;326.632.547,07;280.812.615,39
SAUDE;"FUNDACAO CENTRO DE HEMATOLOGIA E HEMOTERAPIA DE MINAS GERAIS";"ASSISTENCIA HOSPITALAR E AMBULATORIAL";95.026.241,60;69.432.180,78;37.067.959,83
LEGISLATIVA;"ASSEMBLEIA LEGISLATIVA DO ESTADO DE MINAS GERAIS";"ACAO LEGISLATIVA";528.538.593,22;490.772.557,42;490.786.739,06
"ENCARGOS ESPECIAIS";"GESTAO DA DIVIDA PUBLICA ESTADUAL";"SERVICO DA DIVIDA EXTERNA";1.722.950.151,37;1.159.848.018,77;0,00
"CIENCIA E TECNOLOGIA";"INSTITUTO DE METROLOGIA E QUALIDADE DO ESTADO DE MINAS GERAIS";"NORMALIZACAO E QUALIDADE";421.987,77;421.987,77;478.548,58
ADMINISTRACAO;"EGE SEC.FAZENDA-ENCARGOS DIVERSOS";"ADMINISTRACAO GERAL";11.651.081,74;10.129.006,67;8.874.214,96
ADMINISTRACAO;"SECRETARIA DE ESTADO DE DESENVOLVIMENTO AGRARIO";"ADMINISTRACAO GERAL";4.748.410,09;4.748.410,09;4.748.410,09
SAUDE;"FUNDACAO HOSPITALAR DO ESTADO DE MINAS GERAIS";"ADMINISTRACAO GERAL";1.179.581.870,95;1.173.657.881,17;1.155.467.961,99
SAUDE;"INSTITUTO DE PREVIDENCIA DOS SERVIDORES DO ESTADO DE MINAS GERAIS";"ATENCAO BASICA";628.000,00;220.374,00;195.534,88
"SEGURANCA PUBLICA";"CORPO DE BOMBEIROS MILITAR DO ESTADO DE MINAS GERAIS";"DEFESA CIVIL";53.271.818,21;31.508.474,53;29.620.429,86
SAUDE;"FUNDACAO CENTRO DE HEMATOLOGIA E HEMOTERAPIA DE MINAS GERAIS";"FORMACAO DE RECURSOS HUMANOS";5.621,21;5.621,21;671,21
"DIREITOS DA CIDADANIA";"OUVIDORIA-GERAL DO ESTADO DE MINAS GERAIS";"FORMACAO DE RECURSOS HUMANOS";33.263,20;33.263,20;32.917,28
"ESSENCIAL A JUSTICA";"DEFENSORIA PUBLICA DO ESTADO DE MINAS GERAIS";"REPRESENTACAO JUDICIAL E EXTRAJUDICIAL";26.796.573,21;22.018.061,89;21.720.505,58
EDUCACAO;"SECRETARIA DE ESTADO DE EDUCACAO";"ENSINO MEDIO";2.460.296.544,37;2.450.298.200,20;2.423.595.318,47
"COMERCIO E SERVICOS";"SECRETARIA DE ESTADO DE TURISMO";TURISMO;311.808,24;311.808,24;161.492,60
ADMINISTRACAO;SECRETARIA-GERAL;"COMUNICACAO SOCIAL";25.073.609,99;8.786.710,50;6.753.431,33
"ENCARGOS ESPECIAIS";"INSTITUTO MINEIRO DE GESTAO DAS AGUAS";"OUTROS ENCARGOS ESPECIAIS";29.934,23;29.934,23;28.487,54
"ENCARGOS ESPECIAIS";"ADVOCACIA GERAL DO ESTADO";"OUTROS ENCARGOS ESPECIAIS";70.608.638,69;70.547.086,97;19.012.479,76
"GESTAO AMBIENTAL";"INSTITUTO MINEIRO DE GESTAO DAS AGUAS";"CONTROLE AMBIENTAL";932.680,92;673.824,59;646.779,70
"ESSENCIAL A JUSTICA";"FUNDO ESTADUAL DE PROTECAO E DEFESA DO CONSUMIDOR";"ACAO JUDICIARIA";5.881.811,87;4.769.707,30;4.597.215,66
"PREVIDENCIA SOCIAL";"INSTITUTO DE PREVIDENCIA DOS SERVIDORES MILITARES DO ESTADO DE MINAS GERAIS";"ADMINISTRACAO GERAL";1.616.532,68;1.575.033,60;1.575.805,20
"PREVIDENCIA SOCIAL";"INSTITUTO DE PREVIDENCIA DO LEGISLATIVO DO ESTADO DE MINAS GERAIS";"ADMINISTRACAO GERAL";4.584.636,78;4.584.636,78;4.584.636,78
TRANSPORTE;"SECRETARIA DE ESTADO  DE INFRAESTRUTURA E MOBILIDADE";"ADMINISTRACAO GERAL";16.534.979,52;14.710.306,76;14.654.771,79
SAUDE;"SECRETARIA DE ESTADO DE SEGURANCA PUBLICA";"ADMINISTRACAO GERAL";10.596.447,67;10.596.447,67;10.596.447,67
"COMERCIO E SERVICOS";"SECRETARIA DE ESTADO DE TURISMO";"ADMINISTRACAO GERAL";4.695.471,63;4.692.497,55;4.645.059,99
AGRICULTURA;"SECRETARIA DE ESTADO DE AGRICULTURA, PECUARIA E ABASTECIMENTO";"EXTENSAO RURAL";1.446,00;1.446,00;1.446,00
"DESPORTO E LAZER";"FUNDO DE PAGAMENTO DE PARCERIAS PUBLICO-PRIVADAS DE MINAS GERAIS";"ADMINISTRACAO DE CONCESSOES";104.310.877,66;86.355.239,56;85.059.911,09
"SEGURANCA PUBLICA";"POLICIA CIVIL DO ESTADO DE MINAS GERAIS";POLICIAMENTO;61.316.011,69;44.796.818,89;31.082.253,13
CULTURA;"FUNDACAO CLOVIS SALGADO";"DIFUSAO CULTURAL";3.835.066,24;3.835.066,19;3.835.066,19
CULTURA;"FUNDACAO TV MINAS CULTURAL E EDUCATIVA";"DIFUSAO CULTURAL";232,41;232,41;232,41
EDUCACAO;"UNIVERSIDADE DO ESTADO DE MINAS GERAIS";"ENSINO SUPERIOR";77.819.249,21;67.865.469,65;63.897.270,15
INDUSTRIA;"SECRETARIA DE ESTADO DE DESENVOLVIMENTO ECONOMICO";"PROMOCAO INDUSTRIAL";800.000,00;800.000,00;800.000,00
SAUDE;"ESCOLA DE SAUDE PUBLICA DO ESTADO DE MINAS GERAIS";"FORMACAO DE RECURSOS HUMANOS";793.215,94;732.692,65;660.977,51
EDUCACAO;"UNIVERSIDADE ESTADUAL DE MONTES CLAROS";"FORMACAO DE RECURSOS HUMANOS";31.603,95;10.433,95;0,00
"ASSISTENCIA SOCIAL";"INSTITUTO DE DESENVOLVIMENTO DO NORTE E NORDESTE DE MINAS GERAIS";"ALIMENTACAO E NUTRICAO";68.840,81;2.187,05;2.187,05
SAUDE;"FUNDO ESTADUAL DE SAUDE";"ASSISTENCIA AO PORTADOR DE DEFICIENCIA";14.941.826,48;9.763.448,81;162.432,34
"PREVIDENCIA SOCIAL";"INSTITUTO DE PREVIDENCIA DO LEGISLATIVO DO ESTADO DE MINAS GERAIS";"PREVIDENCIA ESPECIAL";53.582.917,23;53.582.917,23;53.582.917,23
SAUDE;"FUNDO ESTADUAL DE SAUDE";"DIREITOS INDIVIDUAIS, COLETIVOS E DIFUSOS";231.681.826,73;1.471.184,94;695.820,94
SAUDE;"SECRETARIA DE ESTADO DE  DESENVOLVIMENTO SOCIAL";"DIREITOS INDIVIDUAIS, COLETIVOS E DIFUSOS";2.375.101,67;2.375.101,67;2.375.101,67
TRANSPORTE;"FUNDO ESTADUAL DE DESENVOLVIMENTO DE TRANSPORTES";"TRANSPORTE RODOVIARIO";28.958.797,67;23.458.922,03;20.598.295,88
TRANSPORTE;"DEPARTAMENTO DE EDIFICACOES E ESTRADAS DE RODAGEM DO ESTADO DE MINAS GERAIS";"TRANSPORTE RODOVIARIO";261.774.495,83;219.079.629,66;192.090.498,68
AGRICULTURA;"SECRETARIA DE ESTADO DE DESENVOLVIMENTO AGRARIO";COMERCIALIZACAO;40.732,00;40.732,00;40.732,00
AGRICULTURA;"SECRETARIA DE ESTADO DE AGRICULTURA, PECUARIA E ABASTECIMENTO";"SANEAMENTO BASICO RURAL";0,00;0,00;0,00
ENERGIA;"SECRETARIA DE ESTADO DE DESENVOLVIMENTO ECONOMICO";"COMBUSTIVEIS MINERAIS";35.834,85;35.834,85;35.834,85
AGRICULTURA;"SECRETARIA DE ESTADO DE AGRICULTURA, PECUARIA E ABASTECIMENTO";"TRANSPORTE AEREO";171.460,08;3.463,68;3.463,68
"ENCARGOS ESPECIAIS";"EMPRESA DE PESQUISA AGROPECUARIA DE MINAS GERAIS";"OUTROS ENCARGOS ESPECIAIS";2.497.957,57;2.497.957,57;2.497.957,57
"GESTAO AMBIENTAL";"INSTITUTO ESTADUAL DE FLORESTAS";"CONTROLE AMBIENTAL";5.898.370,29;2.822.935,16;2.580.312,46
"SEGURANCA PUBLICA";"DEPARTAMENTO DE TRANSITO DE MINAS GERAIS";"NORMATIZACAO E FISCALIZACAO";308.899.653,80;288.166.910,27;276.205.522,94
SAUDE;"FUNDACAO HOSPITALAR DO ESTADO DE MINAS GERAIS";"ASSISTENCIA HOSPITALAR E AMBULATORIAL";226.750.131,81;199.186.157,75;107.326.972,65
CULTURA;"FUNDACAO JOAO PINHEIRO";"DIFUSAO DO CONHECIMENTO CIENTIFICO E TECNOLOGICO";29.631,60;21.990,77;20.300,85
AGRICULTURA;"SECRETARIA DE ESTADO DE AGRICULTURA, PECUARIA E ABASTECIMENTO";"ADMINISTRACAO GERAL";17.224.289,18;16.178.873,62;15.681.937,89
ADMINISTRACAO;"SECRETARIA DE ESTADO DE PLANEJAMENTO E GESTAO";"ADMINISTRACAO GERAL";177.700.528,21;169.955.602,62;165.422.608,77
URBANISMO;"SECRETARIA DE ESTADO DE CIDADES E DE INTEGRACAO REGIONAL";"ADMINISTRACAO GERAL";3.305.016,40;3.305.016,40;3.285.100,65
SAUDE;"FUNDACAO CENTRO DE HEMATOLOGIA E HEMOTERAPIA DE MINAS GERAIS";"ADMINISTRACAO GERAL";133.658.719,78;133.193.978,02;130.999.739,87
"CIENCIA E TECNOLOGIA";"SECRETARIA DE ESTADO DE DESENVOLVIMENTO ECONOMICO";"ADMINISTRACAO GERAL";18.220.107,82;17.642.478,50;17.602.381,11
"SEGURANCA PUBLICA";"POLICIA CIVIL DO ESTADO DE MINAS GERAIS";"ADMINISTRACAO GERAL";1.666.733.123,91;1.666.728.334,41;1.666.725.293,91
CULTURA;"SECRETARIA DE ESTADO DE CULTURA E TURISMO";"ADMINISTRACAO GERAL";12.919.458,50;12.641.138,21;12.586.827,54
AGRICULTURA;"SECRETARIA DE ESTADO DE AGRICULTURA, PECUARIA E ABASTECIMENTO";IRRIGACAO;29.801,30;27.204,39;27.542,79
"SEGURANCA PUBLICA";"SECRETARIA DE ESTADO DE SEGURANCA PUBLICA";"CUSTODIA E REINTEGRACAO SOCIAL";14.426.997,11;14.347.593,97;13.818.681,04
"SEGURANCA PUBLICA";"POLICIA CIVIL DO ESTADO DE MINAS GERAIS";"FORMACAO DE RECURSOS HUMANOS";1.132.678,85;967.935,37;506.885,11
ADMINISTRACAO;"SECRETARIA DE ESTADO DE  DESENVOLVIMENTO SOCIAL";"ALIMENTACAO E NUTRICAO";13.454,11;8.975,17;7.987,37
EDUCACAO;"FUNDACAO DE EDUCACAO PARA O TRABALHO DE MINAS GERAIS";"ENSINO PROFISSIONAL";2.377.119,52;2.313.217,91;2.312.676,13
"ESSENCIAL A JUSTICA";"ADVOCACIA GERAL DO ESTADO";"REPRESENTACAO JUDICIAL E EXTRAJUDICIAL";13.638.340,27;12.598.802,31;11.462.892,43
"DIREITOS DA CIDADANIA";"SECRETARIA DE ESTADO DE  DESENVOLVIMENTO SOCIAL";"DIREITOS INDIVIDUAIS, COLETIVOS E DIFUSOS";13.138.984,49;4.344.321,00;4.336.723,11
"SEGURANCA PUBLICA";"SECRETARIA DE ESTADO DE JUSTICA E SEGURANCA PUBLICA";"PROTECAO E BENEFICIOS AO TRABALHADOR";148.581,97;119.177,51;119.177,51
SAUDE;"SECRETARIA DE ESTADO  DE INFRAESTRUTURA E MOBILIDADE";"INFRA-ESTRUTURA URBANA";4.606.000,27;1.008.204,31;973.447,16
CULTURA;"SECRETARIA DE ESTADO  DE INFRAESTRUTURA E MOBILIDADE";"INFRA-ESTRUTURA URBANA";1.413.545,38;819.564,38;790.879,63
TRANSPORTE;"FUNDO ESTADUAL DE DESENVOLVIMENTO DE TRANSPORTES";"COMUNICACAO SOCIAL";36.513,94;11.529,20;11.529,20
"SEGURANCA PUBLICA";"SECRETARIA DE ESTADO DE SEGURANCA PUBLICA";"ASSISTENCIA A CRIANCA E AO ADOLESCENTE";195.455.286,31;195.045.502,61;192.402.798,46
ENERGIA;"SECRETARIA DE ESTADO DE DESENVOLVIMENTO ECONOMICO";"CONSERVACAO DE ENERGIA";20.975,46;12.612,64;12.612,64
"ENCARGOS ESPECIAIS";"FUNDACAO DE AMPARO A PESQUISA DO ESTADO DE MINAS GERAIS";"OUTROS ENCARGOS ESPECIAIS";12.763,00;12.292,08;12.292,08
"ENCARGOS ESPECIAIS";"UNIVERSIDADE DO ESTADO DE MINAS GERAIS";"OUTROS ENCARGOS ESPECIAIS";604.645,36;578.645,36;536.016,74
"SEGURANCA PUBLICA";"SECRETARIA DE ESTADO DE JUSTICA E SEGURANCA PUBLICA";"INFORMACAO E INTELIGENCIA";3.821.546,39;905.339,52;91.057,46
"PREVIDENCIA SOCIAL";"TRIBUNAL DE JUSTICA DO ESTADO DE MINAS GERAIS";"PREVIDENCIA DO REGIME ESTATUTARIO";1.734.812.208,44;1.734.812.208,44;1.734.915.155,49
JUDICIARIA;"TRIBUNAL DE JUSTICA MILITAR DO ESTADO DE MINAS GERAIS";"ACAO JUDICIARIA";10.024.722,49;7.434.080,96;7.157.843,50
"GESTAO AMBIENTAL";"SECRETARIA DE ESTADO DE MEIO AMBIENTE E DESENVOLVIMENTO SUSTENTAVEL";"ADMINISTRACAO GERAL";125.707.701,78;124.115.613,96;122.537.926,33
AGRICULTURA;"SECRETARIA DE ESTADO DE DESENVOLVIMENTO AGRARIO";"ADMINISTRACAO GERAL";1.670.310,13;1.640.004,50;1.462.442,81
JUDICIARIA;"TRIBUNAL DE JUSTICA DO ESTADO DE MINAS GERAIS";"ADMINISTRACAO GERAL";3.809.086.384,86;3.808.836.384,86;3.809.063.572,18
ADMINISTRACAO;SECRETARIA-GERAL;"ADMINISTRACAO GERAL";11.239.492,30;10.557.021,33;10.516.729,45
EDUCACAO;"FUNDACAO HELENA ANTIPOFF";"ADMINISTRACAO GERAL";10.859.924,58;10.158.469,98;10.135.181,40
CULTURA;"FUNDACAO DE ARTE DE OURO PRETO";"ADMINISTRACAO GERAL";2.519.054,37;2.500.828,68;2.432.518,97
CULTURA;"FUNDACAO TV MINAS CULTURAL E EDUCATIVA";"ADMINISTRACAO GERAL";15.979.596,64;15.531.404,76;14.998.645,20
CULTURA;"INSTITUTO ESTADUAL DO PATRIMONIO HISTORICO E ARTISTICO DE MINAS GERAIS";"ADMINISTRACAO GERAL";11.896.067,74;11.696.168,98;11.320.205,09
"GESTAO AMBIENTAL";"GABINETE MILITAR DO GOVERNADOR DO ESTADO DE MINAS GERAIS";"DEFESA CIVIL";6.281.973,33;2.409.516,64;922.477,10
URBANISMO;"AGENCIA DE DESENVOLVIMENTO DA REGIAO METROPOLITANA DO VALE DO ACO";"FORMACAO DE RECURSOS HUMANOS";701,74;701,74;701,74
CULTURA;"EMPRESA MINEIRA DE COMUNICACAO";TELECOMUNICACOES;1.020.081,82;1.020.081,82;1.020.081,82
"DESPORTO E LAZER";"SECRETARIA DE ESTADO DE  DESENVOLVIMENTO SOCIAL";"EDUCACAO DE JOVENS E ADULTOS";18.793,50;5.236,41;4.301,32
EDUCACAO;"FUNDACAO HELENA ANTIPOFF";"ENSINO FUNDAMENTAL";5.721.026,06;5.302.563,79;5.300.796,24
ADMINISTRACAO;"SECRETARIA DE ESTADO DE CASA CIVIL E DE RELACOES INSTITUCIONAIS";"TECNOLOGIA DA INFORMACAO";317.648,91;317.648,91;307.202,07
SAUDE;"SECRETARIA DE ESTADO DE SEGURANCA PUBLICA";"ASSISTENCIA A CRIANCA E AO ADOLESCENTE";174.133,62;160.922,23;151.072,19
SAUDE;"SECRETARIA DE ESTADO DE JUSTICA E SEGURANCA PUBLICA";"ASSISTENCIA A CRIANCA E AO ADOLESCENTE";295.436,34;31.899,40;25.528,82
