Funcao;Orgao;Subfuncao;Valor Empenhado;Valor Liquidado;Valor Pago
DESPORTO E LAZER;SECRETARIA DE ESTADO DE DESENVOLVIMENTO SOCIAL;DESPORTO COMUNITARIO;25.085.401,00;21.788.059,74;14.433.987,98
DESPORTO E LAZER;SECRETARIA DE ESTADO DE DESENVOLVIMENTO SOCIAL;LAZER;1.539.408,01;1.539.408,01;1.539.408,01
ENCARGOS ESPECIAIS;FUNDACAO CENTRO DE HEMATOLOGIA E HEMOTERAPIA DE MINAS GERAIS;OUTROS ENCARGOS ESPECIAIS;23.670.972,47;23.580.211,71;23.345.363,18
ENCARGOS ESPECIAIS;FUNDACAO EDUCACIONAL CAIO MARTINS;OUTROS ENCARGOS ESPECIAIS;18.951,48;18.951,48;14.834,20
SEGURANCA PUBLICA;GABINETE MILITAR DO GOVERNADOR DO ESTADO DE MINAS GERAIS;INFORMACAO E INTELIGENCIA;3.864.579,20;3.669.371,35;3.775.536,22
GESTAO AMBIENTAL;SECRETARIA DE ESTADO DE MEIO AMBIENTE E DESENVOLVIMENTO SUSTENTAVEL;CONTROLE AMBIENTAL;73.428.846,19;72.250.878,92;72.204.523,03
SAUDE;POLICIA MILITAR DO ESTADO DE MINAS GERAIS;ASSISTENCIA HOSPITALAR E AMBULATORIAL;310.496.358,88;279.431.384,69;270.065.177,89
SAUDE;CORPO DE BOMBEIROS MILITAR DO ESTADO DE MINAS GERAIS;ASSISTENCIA HOSPITALAR E AMBULATORIAL;25.810.692,85;25.585.162,23;25.534.930,33
ESSENCIAL A JUSTICA;PROCURADORIA GERAL DE JUSTICA;ADMINISTRACAO GERAL;1.184.888.439,89;1.121.421.100,17;1.103.754.213,75
ESSENCIAL A JUSTICA;FUNDO ESPECIAL DO MINISTERIO PUBLICO DO ESTADO DE MINAS GERAIS;ADMINISTRACAO GERAL;24.443.811,21;13.265.445,69;13.119.045,05
ADMINISTRACAO;EMPRESA DE PESQUISA AGROPECUARIA DE MINAS GERAIS;ADMINISTRACAO GERAL;21.785.286,14;21.785.286,14;21.785.286,14
ADMINISTRACAO;SECRETARIA DE ESTADO DE MEIO AMBIENTE E DESENVOLVIMENTO SUSTENTAVEL;ADMINISTRACAO GERAL;61.703.287,35;60.209.625,78;59.142.315,93
ADMINISTRACAO;FUNDACAO EDUCACIONAL CAIO MARTINS;ADMINISTRACAO GERAL;5.554.941,74;5.493.627,12;5.462.558,03
ADMINISTRACAO;SECRETARIA DE ESTADO DE FAZENDA;ADMINISTRACAO GERAL;101.773.804,66;99.270.824,30;99.071.000,38
ADMINISTRACAO;LOTERIA DO ESTADO DE MINAS GERAIS;ADMINISTRACAO GERAL;984.454,55;977.453,32;977.446,45
ADMINISTRACAO;AGENCIA DE DESENVOLVIMENTO DA REGIAO METROPOLITANA DO VALE DO ACO;ADMINISTRACAO GERAL;1.124.288,29;1.111.288,29;1.111.697,57
ADMINISTRACAO;EMPRESA MINEIRA DE COMUNICACAO;ADMINISTRACAO GERAL;3.685.614,55;3.685.614,55;3.685.614,55
LEGISLATIVA;INSTITUTO DE PREVIDENCIA DO LEGISLATIVO DO ESTADO DE MINAS GERAIS;ADMINISTRACAO GERAL;2.733.859,01;2.733.859,01;2.733.859,01
SEGURANCA PUBLICA;POLICIA MILITAR DO ESTADO DE MINAS GERAIS;ADMINISTRACAO GERAL;239.777.619,74;238.612.333,74;237.677.132,06
ASSISTENCIA SOCIAL;SECRETARIA DE ESTADO DE DESENVOLVIMENTO SOCIAL;ASSISTENCIA COMUNITARIA;9.880.710,64;9.880.710,64;9.579.373,69
AGRICULTURA;INSTITUTO DE DESENVOLVIMENTO DO NORTE E NORDESTE DE MINAS GERAIS;RECURSOS HIDRICOS;4.647.858,49;3.900.350,42;3.784.344,35
AGRICULTURA;SECRETARIA DE ESTADO DE AGRICULTURA, PECUARIA E ABASTECIMENTO - SEAPA;ABASTECIMENTO;987.388,25;848.807,45;848.807,45
JUDICIARIA;FUNDO ESPECIAL DO PODER JUDICIARIO DO ESTADO DE MINAS GERAIS;FORMACAO DE RECURSOS HUMANOS;2.572.846,56;2.138.683,91;2.103.389,04
ADMINISTRACAO;EGE-SECRETARIA DE ESTADO DE PLANEJAMENTO E GESTAO;PREVIDENCIA ESPECIAL;201.288.736,28;201.288.736,28;201.288.736,28
GESTAO AMBIENTAL;FUNDACAO ESTADUAL DO MEIO AMBIENTE;PRESERVACAO E CONSERVACAO AMBIENTAL;11.833.171,16;11.597.609,98;11.406.423,92
URBANISMO;SECRETARIA DE ESTADO DE DESENVOLVIMENTO ECONOMICO;SERVICOS URBANOS;291.057,13;291.057,13;291.513,43
DIREITOS DA CIDADANIA;OUVIDORIA-GERAL DO ESTADO DE MINAS GERAIS;DIREITOS INDIVIDUAIS, COLETIVOS E DIFUSOS;5.452.252,12;5.355.373,13;5.268.742,21
SAUDE;FUNDO ESTADUAL DE SAUDE;SUPORTE PROFILATICO E TERAPEUTICO;718.103.810,13;622.870.845,17;582.403.295,33
GESTAO AMBIENTAL;INSTITUTO ESTADUAL DE FLORESTAS;RECUPERACAO DE AREAS DEGRADADAS;15.664.809,86;15.233.092,49;14.856.893,07
SAUDE;FUNDO ESTADUAL DE SAUDE;VIGILANCIA SANITARIA;118.176.796,19;116.594.998,15;116.569.791,09
SEGURANCA PUBLICA;GABINETE MILITAR DO GOVERNADOR DO ESTADO DE MINAS GERAIS;TRANSPORTE AEREO;10.869.283,15;9.107.581,56;8.994.636,88
ENCARGOS ESPECIAIS;ASSEMBLEIA LEGISLATIVA DO ESTADO DE MINAS GERAIS;OUTROS ENCARGOS ESPECIAIS;21.308,85;21.308,85;21.308,85
ENCARGOS ESPECIAIS;INSTITUTO DE PREVIDENCIA DOS SERVIDORES DO ESTADO DE MINAS GERAIS;OUTROS ENCARGOS ESPECIAIS;138.568.518,77;138.556.615,71;132.672.065,58
ENCARGOS ESPECIAIS;FUNDACAO TV MINAS CULTURAL E EDUCATIVA;OUTROS ENCARGOS ESPECIAIS;44.567,89;44.567,89;39.010,47
SEGURANCA PUBLICA;POLICIA CIVIL DO ESTADO DE MINAS GERAIS;INFORMACAO E INTELIGENCIA;47.035.534,33;38.890.922,03;38.324.490,78
URBANISMO;SECRETARIA DE ESTADO DE DESENVOLVIMENTO ECONOMICO;ORDENAMENTO TERRITORIAL;4.935.055,70;2.933.916,99;2.933.965,89
URBANISMO;AGENCIA DE DESENVOLVIMENTO DA REGIAO METROPOLITANA DO VALE DO ACO;ORDENAMENTO TERRITORIAL;2.873.994,02;1.802.042,01;1.779.775,69
COMERCIO E SERVICOS;SECRETARIA DE ESTADO DE DESENVOLVIMENTO ECONOMICO;COMERCIO EXTERIOR;778.115,34;776.421,94;776.359,88
PREVIDENCIA SOCIAL;DEFENSORIA PUBLICA DO ESTADO DE MINAS GERAIS;PREVIDENCIA DO REGIME ESTATUTARIO;126.035.910,47;126.035.910,47;126.056.192,57
SAUDE;FUNDO ESTADUAL DE SAUDE;ASSISTENCIA HOSPITALAR E AMBULATORIAL;6.383.629.532,16;5.983.355.205,16;5.844.281.978,08
AGRICULTURA;EMPRESA DE PESQUISA AGROPECUARIA DE MINAS GERAIS;DIFUSAO DO CONHECIMENTO CIENTIFICO E TECNOLOGICO;1.918.832,80;1.918.832,80;1.918.832,80
TRANSPORTE;FUNDO ESTADUAL DE DESENVOLVIMENTO DE TRANSPORTES;OUTRAS TRANSFERENCIAS;14.627.359,04;14.230.188,23;14.230.188,23
SAUDE;CORPO DE BOMBEIROS MILITAR DO ESTADO DE MINAS GERAIS;ATENCAO BASICA;2.731.589,35;601.269,36;227.300,22
CULTURA;SECRETARIA DE ESTADO DE CULTURA E TURISMO;DIFUSAO CULTURAL;49.701.612,95;49.167.294,82;48.258.718,21
SAUDE;FUNDO ESTADUAL DE SAUDE;FORMACAO DE RECURSOS HUMANOS;17.604.659,60;17.604.659,60;17.604.659,60
TRANSPORTE;FUNDO ESTADUAL DE DESENVOLVIMENTO DE TRANSPORTES;ADMINISTRACAO DE RECEITAS;20.044.977,52;14.887.263,43;14.640.415,11
GESTAO AMBIENTAL;INSTITUTO ESTADUAL DE FLORESTAS;PRESERVACAO E CONSERVACAO AMBIENTAL;70.438.462,80;67.248.222,61;61.562.775,71
DIREITOS DA CIDADANIA;FUNDO ESTADUAL DE DEFESA DE DIREITOS DIFUSOS;DIREITOS INDIVIDUAIS, COLETIVOS E DIFUSOS;1.278.479,27;1.278.479,27;1.278.479,27
SEGURANCA PUBLICA;POLICIA CIVIL DO ESTADO DE MINAS GERAIS;DIREITOS INDIVIDUAIS, COLETIVOS E DIFUSOS;51.858.356,32;48.717.420,47;48.293.478,41
COMERCIO E SERVICOS;LOTERIA DO ESTADO DE MINAS GERAIS;COMERCIALIZACAO;4.003.897,15;3.188.172,73;3.175.315,60
EDUCACAO;POLICIA CIVIL DO ESTADO DE MINAS GERAIS;EDUCACAO BASICA;6.254.951,25;6.162.581,08;6.160.207,98
ENCARGOS ESPECIAIS;FUNDACAO ESTADUAL DO MEIO AMBIENTE;OUTROS ENCARGOS ESPECIAIS;7.147.327,58;7.147.327,58;6.821.578,20
ENCARGOS ESPECIAIS;INSTITUTO DE PREVIDENCIA DOS SERVIDORES MILITARES DO ESTADO DE MINAS GERAIS;OUTROS ENCARGOS ESPECIAIS;37.455.606,41;16.606.639,02;15.702.523,74
SANEAMENTO;AGENCIA REGULADORA DE SERVICOS DE ABASTECIMENTO DE AGUA E DE ESGOTAMENTO SANITARIO DO ESTADO DE MINA;NORMATIZACAO E FISCALIZACAO;10.618.170,45;9.855.453,64;9.835.452,39
PREVIDENCIA SOCIAL;TRIBUNAL DE JUSTICA MILITAR DO ESTADO DE MINAS GERAIS;PREVIDENCIA DO REGIME ESTATUTARIO;19.585.526,43;19.585.526,43;19.585.526,43
PREVIDENCIA SOCIAL;FUNDO DE ASSISTENCIA AO PECULIO DOS SERVIDORES DO ESTADO DE MINAS GERAIS;PREVIDENCIA DO REGIME ESTATUTARIO;159.679.486,02;159.677.905,57;152.792.240,15
COMERCIO E SERVICOS;PARTICIPACAO NO AUMENTO DO CAPITAL SOCIAL DE EMPRESAS;SERVICOS FINANCEIROS;107.319.233,25;107.276.839,78;107.276.839,78
ADMINISTRACAO;INSTITUTO DE METROLOGIA E QUALIDADE DO ESTADO DE MINAS GERAIS;ADMINISTRACAO GERAL;7.452.383,69;7.363.323,79;6.914.862,20
EDUCACAO;UNIVERSIDADE ESTADUAL DE MONTES CLAROS;ADMINISTRACAO GERAL;21.325.949,13;20.254.844,98;19.390.610,97
LEGISLATIVA;TRIBUNAL DE CONTAS DO ESTADO DE MINAS GERAIS;ADMINISTRACAO GERAL;70.578.183,36;56.230.495,16;48.320.674,29
CULTURA;FUNDO ESTADUAL DE CULTURA;DIFUSAO CULTURAL;12.198.756,32;12.198.756,32;9.336.561,16
EDUCACAO;UNIVERSIDADE ESTADUAL DE MONTES CLAROS;ENSINO SUPERIOR;239.099.122,94;232.165.450,91;231.015.350,51
SAUDE;INSTITUTO DE PREVIDENCIA DOS SERVIDORES DO ESTADO DE MINAS GERAIS;ENSINO PROFISSIONAL;12.608.971,99;12.473.971,99;12.473.971,99
EDUCACAO;SECRETARIA DE ESTADO DE EDUCACAO;ENSINO PROFISSIONAL;788.815.181,46;599.252.468,72;592.988.425,35
EDUCACAO;FUNDO ESTADUAL DO TRABALHO DE MINAS GERAIS;ENSINO PROFISSIONAL;3.515.852,14;0;0
RELACOES EXTERIORES;SECRETARIA DE ESTADO DE DESENVOLVIMENTO ECONOMICO;COOPERACAO INTERNACIONAL;174.563,07;171.384,99;171.384,99
EDUCACAO;FUNDACAO EDUCACIONAL CAIO MARTINS;ENSINO FUNDAMENTAL;359.240,30;359.240,30;359.240,30
COMERCIO E SERVICOS;SECRETARIA DE ESTADO DE DESENVOLVIMENTO ECONOMICO;PROMOCAO COMERCIAL;4.109.489,94;4.090.356,51;4.092.204,31
ENERGIA;SECRETARIA DE ESTADO DE DESENVOLVIMENTO ECONOMICO;BIOCOMBUSTIVEIS;36.002.578,43;36.001.692,11;35.996.712,71
ENCARGOS ESPECIAIS;FUNDACAO CLOVIS SALGADO;OUTROS ENCARGOS ESPECIAIS;11.011,96;11.011,96;11.011,96
ENCARGOS ESPECIAIS;INSTITUTO DE DESENVOLVIMENTO DO NORTE E NORDESTE DE MINAS GERAIS;OUTROS ENCARGOS ESPECIAIS;19.676,80;19.676,80;19.676,80
URBANISMO;FUNDO DE DESENVOLVIMENTO METROPOLITANO;ORDENAMENTO TERRITORIAL;147.406,89;147.406,89;143.721,71
COMERCIO E SERVICOS;INSTITUTO DE METROLOGIA E QUALIDADE DO ESTADO DE MINAS GERAIS;NORMATIZACAO E FISCALIZACAO;18.384.619,19;18.282.841,21;18.108.413,26
PREVIDENCIA SOCIAL;TRIBUNAL DE CONTAS DO ESTADO DE MINAS GERAIS;PREVIDENCIA DO REGIME ESTATUTARIO;329.879.550,25;329.879.550,25;329.914.859,30
COMERCIO E SERVICOS;JUNTA COMERCIAL DO ESTADO DE MINAS GERAIS;ADMINISTRACAO GERAL;622.433,67;604.036,10;604.047,69
ENCARGOS ESPECIAIS;EGE SEC.FAZENDA-ENCARGOS DIVERSOS;OUTRAS TRANSFERENCIAS;1.199.889.677,88;1.199.582.236,69;1.199.582.236,69
SAUDE;FUNDO ESTADUAL DE SAUDE;ATENCAO BASICA;1.447.706.321,74;1.445.832.923,12;1.348.837.012,70
GESTAO AMBIENTAL;INSTITUTO MINEIRO DE GESTAO DAS AGUAS;RECURSOS HIDRICOS;55.014.872,01;51.375.534,26;51.247.094,05
AGRICULTURA;SECRETARIA DE ESTADO DE AGRICULTURA, PECUARIA E ABASTECIMENTO - SEAPA;IRRIGACAO;1.535.542,87;1.504.753,96;1.504.753,96
SEGURANCA PUBLICA;FUNDO PENITENCIARIO ESTADUAL;CUSTODIA E REINTEGRACAO SOCIAL;31.245.732,35;13.353.865,57;13.353.865,57
ESSENCIAL A JUSTICA;PROCURADORIA GERAL DE JUSTICA;DEFESA DO INTERESSE PUBLICO NO PROCESSO JUDICIARIO;930.912.162,98;913.827.970,57;913.719.121,39
EDUCACAO;SECRETARIA DE ESTADO DE EDUCACAO;EDUCACAO ESPECIAL;975.326.293,66;975.213.414,94;975.221.986,88
EDUCACAO;FUNDACAO CLOVIS SALGADO;ENSINO PROFISSIONAL;4.689.564,18;4.585.568,25;4.568.769,68
TRABALHO;SECRETARIA DE ESTADO DE DESENVOLVIMENTO SOCIAL;ENSINO PROFISSIONAL;2.099.718,63;2.092.332,54;2.087.107,53
GESTAO AMBIENTAL;FUNDO DE RECUPERACAO, PROTECAO E DESENVOLVIMENTO SUSTENTAVEL DAS BACIAS HIDROGRAFICAS DO ESTADO DE M;PRESERVACAO E CONSERVACAO AMBIENTAL;478.888,08;478.888,08;478.888,08
SEGURANCA PUBLICA;GABINETE MILITAR DO GOVERNADOR DO ESTADO DE MINAS GERAIS;TRANSPORTE RODOVIARIO;2.332.875,22;2.308.816,24;2.298.578,03
COMERCIO E SERVICOS;SECRETARIA DE ESTADO DE GOVERNO;COMERCIALIZACAO;140.247,00;36.663,00;36.663,00
AGRICULTURA;EMPRESA DE ASSISTENCIA TECNICA E EXTENSAO RURAL DO ESTADO DE MINAS GERAIS;PROMOCAO DA PRODUCAO AGROPECUARIA;8.630.209,30;8.630.209,30;8.630.209,30
EDUCACAO;SECRETARIA DE ESTADO DE JUSTICA E SEGURANCA PUBLICA;ASSISTENCIA A CRIANCA E AO ADOLESCENTE;122.491.691,31;122.491.691,31;118.479.690,61
ENCARGOS ESPECIAIS;INSTITUTO ESTADUAL DO PATRIMONIO HISTORICO E ARTISTICO DE MINAS GERAIS;OUTROS ENCARGOS ESPECIAIS;3.188.154,60;3.188.154,60;2.652.214,70
SEGURANCA PUBLICA;POLICIA MILITAR DO ESTADO DE MINAS GERAIS;PREVIDENCIA DO REGIME ESTATUTARIO;7.471.618.600,19;7.471.618.600,19;7.471.618.600,19
SEGURANCA PUBLICA;POLICIA CIVIL DO ESTADO DE MINAS GERAIS;ASSISTENCIA HOSPITALAR E AMBULATORIAL;20.271.872,47;20.099.137,58;20.016.168,92
ADMINISTRACAO;GABINETE MILITAR DO GOVERNADOR DO ESTADO DE MINAS GERAIS;ADMINISTRACAO GERAL;8.366.949,50;8.235.625,74;7.738.777,84
ADMINISTRACAO;INSTITUTO ESTADUAL DE FLORESTAS;ADMINISTRACAO GERAL;95.772.927,45;94.939.857,82;94.136.399,50
SAUDE;ESCOLA DE SAUDE PUBLICA DO ESTADO DE MINAS GERAIS;ADMINISTRACAO GERAL;2.470.241,42;2.418.485,85;2.402.918,12
SEGURANCA PUBLICA;CORPO DE BOMBEIROS MILITAR DO ESTADO DE MINAS GERAIS;ADMINISTRACAO GERAL;1.719.334,56;1.719.334,56;1.719.334,56
INDUSTRIA;SECRETARIA DE ESTADO DE DESENVOLVIMENTO ECONOMICO;MINERACAO;3.898.926,60;2.664.276,52;2.652.375,39
SEGURANCA PUBLICA;SECRETARIA DE ESTADO DE JUSTICA E SEGURANCA PUBLICA;CUSTODIA E REINTEGRACAO SOCIAL;2.697.194.881,19;2.612.987.662,16;2.607.542.020,01
ESSENCIAL A JUSTICA;DEFENSORIA PUBLICA DO ESTADO DE MINAS GERAIS;FORMACAO DE RECURSOS HUMANOS;400.000,00;337.901,98;341.131,18
EDUCACAO;SECRETARIA DE ESTADO DE EDUCACAO;ALIMENTACAO E NUTRICAO;544.364.425,10;544.321.357,90;544.863.843,19
SEGURANCA PUBLICA;SECRETARIA DE ESTADO DE JUSTICA E SEGURANCA PUBLICA;ENSINO PROFISSIONAL;26.137.665,73;7.265.489,03;7.264.868,28
DIREITOS DA CIDADANIA;FUNDO ESTADUAL DOS DIREITOS DO IDOSO;ASSISTENCIA AO IDOSO;464.551,64;419.551,64;239.551,64
AGRICULTURA;EMPRESA DE PESQUISA AGROPECUARIA DE MINAS GERAIS;DESENVOLVIMENTO CIENTIFICO;14.012.524,56;14.012.524,56;14.012.524,56
SAUDE;FUNDACAO EZEQUIEL DIAS;DESENVOLVIMENTO CIENTIFICO;21.244.789,41;19.748.233,50;19.726.028,47
SAUDE;ESCOLA DE SAUDE PUBLICA DO ESTADO DE MINAS GERAIS;DESENVOLVIMENTO CIENTIFICO;3.221.680,46;3.139.625,69;3.134.618,66
EDUCACAO;FUNDACAO DE EDUCACAO PARA O TRABALHO DE MINAS GERAIS;EMPREGABILIDADE;5.274.257,63;4.928.529,39;4.529.782,67
AGRICULTURA;INSTITUTO MINEIRO DE AGROPECUARIA;VIGILANCIA SANITARIA;23.589.552,18;22.662.239,85;22.451.942,52
ENCARGOS ESPECIAIS;FUNDACAO EZEQUIEL DIAS;OUTROS ENCARGOS ESPECIAIS;31.369.522,65;31.369.373,25;31.227.576,24
ENCARGOS ESPECIAIS;INSTITUTO MINEIRO DE AGROPECUARIA;OUTROS ENCARGOS ESPECIAIS;2.734.329,65;2.686.708,88;2.516.332,82
ENCARGOS ESPECIAIS;INSTITUTO DE METROLOGIA E QUALIDADE DO ESTADO DE MINAS GERAIS;OUTROS ENCARGOS ESPECIAIS;131.821,69;131.821,69;126.218,51
GESTAO AMBIENTAL;FUNDACAO ESTADUAL DO MEIO AMBIENTE;CONTROLE AMBIENTAL;539.018,28;539.018,28;539.018,28
SEGURANCA PUBLICA;POLICIA CIVIL DO ESTADO DE MINAS GERAIS;NORMATIZACAO E FISCALIZACAO;234.094.180,36;217.017.326,19;211.922.128,88
PREVIDENCIA SOCIAL;ASSEMBLEIA LEGISLATIVA DO ESTADO DE MINAS GERAIS;PREVIDENCIA DO REGIME ESTATUTARIO;464.231.932,36;464.231.932,36;464.251.263,45
ADMINISTRACAO;CONTROLADORIA-GERAL DO ESTADO;CONTROLE INTERNO;49.185.740,82;48.918.823,50;48.876.791,02
SAUDE;FUNDACAO EZEQUIEL DIAS;DIFUSAO DO CONHECIMENTO CIENTIFICO E TECNOLOGICO;4.047.075,95;3.743.152,33;3.743.508,70
AGRICULTURA;EMPRESA DE ASSISTENCIA TECNICA E EXTENSAO RURAL DO ESTADO DE MINAS GERAIS;EXTENSAO RURAL;358.084.629,36;358.084.629,36;358.084.629,36
TRANSPORTE;SECRETARIA DE ESTADO DE INFRAESTRUTURA E MOBILIDADE;TRANSPORTES COLETIVOS URBANOS;129.553.033,39;128.382.407,64;128.142.730,93
EDUCACAO;FUNDACAO JOAO PINHEIRO;ENSINO SUPERIOR;22.137.678,83;20.136.256,64;19.365.011,53
ADMINISTRACAO;SECRETARIA DE ESTADO DE DESENVOLVIMENTO SOCIAL;FORMACAO DE RECURSOS HUMANOS;10.303.922,71;10.068.686,42;10.003.270,83
ADMINISTRACAO;SECRETARIA DE ESTADO DE FAZENDA;ADMINISTRACAO DE RECEITAS;1.181.800.825,29;1.176.786.102,52;1.175.202.067,43
HABITACAO;FUNDO DE APOIO HABITACIONAL AOS MILITARES DO ESTADO DE MINAS GERAIS;HABITACAO URBANA;315.895,03;315.480,44;315.480,44
EDUCACAO;POLICIA MILITAR DO ESTADO DE MINAS GERAIS;ENSINO MEDIO;28.881.981,50;28.531.369,28;28.491.637,54
ASSISTENCIA SOCIAL;SECRETARIA DE ESTADO DE DESENVOLVIMENTO SOCIAL;DIREITOS INDIVIDUAIS, COLETIVOS E DIFUSOS;2.995.759,87;2.912.036,27;2.859.471,48
SAUDE;FUNDACAO EZEQUIEL DIAS;SUPORTE PROFILATICO E TERAPEUTICO;216.866.445,95;164.859.404,64;154.843.252,47
DESPORTO E LAZER;SECRETARIA DE ESTADO DE CULTURA E TURISMO;TURISMO;488.790,00;488.790,00;488.790,00
SAUDE;FUNDACAO DE AMPARO A PESQUISA DO ESTADO DE MINAS GERAIS;DESENVOLVIMENTO CIENTIFICO;1.564.416,16;1.564.416,16;1.425.710,87
EDUCACAO;SECRETARIA DE ESTADO DE EDUCACAO;ENSINO FUNDAMENTAL;8.467.752.173,76;8.436.954.672,75;8.383.224.130,10
AGRICULTURA;INSTITUTO DE DESENVOLVIMENTO DO NORTE E NORDESTE DE MINAS GERAIS;PROMOCAO DA PRODUCAO AGROPECUARIA;25.738.085,02;20.715.694,05;20.715.694,05
ADMINISTRACAO;SECRETARIA DE ESTADO DE PLANEJAMENTO E GESTAO;TECNOLOGIA DA INFORMACAO;21.346.069,68;18.210.264,18;17.327.568,75
EDUCACAO;SECRETARIA DE ESTADO DE EDUCACAO;EDUCACAO BASICA;1.961.716.235,71;1.652.308.167,22;1.553.067.837,26
SEGURANCA PUBLICA;SECRETARIA DE ESTADO DE JUSTICA E SEGURANCA PUBLICA;ASSISTENCIA A CRIANCA E AO ADOLESCENTE;202.692.748,16;200.750.638,51;195.601.637,28
SAUDE;INSTITUTO DE PREVIDENCIA DOS SERVIDORES DO ESTADO DE MINAS GERAIS;VIGILANCIA EPIDEMIOLOGICA;1.269.335,00;993.535,00;949.709,48
DESPORTO E LAZER;SECRETARIA DE ESTADO DE INFRAESTRUTURA E MOBILIDADE;DESPORTO COMUNITARIO;782.098,82;780.818,82;865.969,76
ENCARGOS ESPECIAIS;INSTITUTO ESTADUAL DE FLORESTAS;OUTROS ENCARGOS ESPECIAIS;1.776.359,42;1.773.828,16;1.631.852,37
URBANISMO;AGENCIA DE DESENVOLVIMENTO DA REGIAO METROPOLITANA DE BELO HORIZONTE;ORDENAMENTO TERRITORIAL;3.416.759,87;3.409.021,91;3.380.562,94
COMERCIO E SERVICOS;JUNTA COMERCIAL DO ESTADO DE MINAS GERAIS;NORMATIZACAO E FISCALIZACAO;23.635.675,67;21.860.261,32;21.464.108,71
ADMINISTRACAO;AGENCIA REGULADORA DE SERVICOS DE ABASTECIMENTO DE AGUA E DE ESGOTAMENTO SANITARIO DO ESTADO DE MINA;ADMINISTRACAO GERAL;5.329.899,79;5.243.195,12;5.172.642,67
ADMINISTRACAO;FUNDACAO CLOVIS SALGADO;ADMINISTRACAO GERAL;13.755.002,09;13.014.637,76;12.487.634,39
ADMINISTRACAO;SECRETARIA DE ESTADO DE DESENVOLVIMENTO SOCIAL;ADMINISTRACAO GERAL;31.713.881,43;31.241.724,12;30.908.814,66
ADMINISTRACAO;CONTROLADORIA-GERAL DO ESTADO;ADMINISTRACAO GERAL;6.479.926,55;6.473.832,15;6.335.317,00
ADMINISTRACAO;FUNDACAO JOAO PINHEIRO;ADMINISTRACAO GERAL;17.020.793,58;12.858.353,44;12.692.220,90
ADMINISTRACAO;FUNDO FINANCEIRO DE PREVIDENCIA DO ESTADO DE MINAS GERAIS;ADMINISTRACAO GERAL;6.610.974,15;4.782.809,97;4.502.005,56
SAUDE;INSTITUTO DE PREVIDENCIA DOS SERVIDORES MILITARES DO ESTADO DE MINAS GERAIS;ADMINISTRACAO GERAL;48.806.715,95;44.400.024,58;41.482.699,96
LEGISLATIVA;FUNDO DO TRIBUNAL DE CONTAS DO ESTADO DE MINAS GERAIS;ADMINISTRACAO GERAL;24.587,70;24.587,70;24.587,70
SEGURANCA PUBLICA;POLICIA MILITAR DO ESTADO DE MINAS GERAIS;POLICIAMENTO;4.799.136.126,04;4.625.543.609,86;4.595.636.446,82
CULTURA;FUNDACAO DE ARTE DE OURO PRETO;PATRIMONIO HISTORICO, ARTISTICO E ARQUEOLOGICO;208.412,25;193.560,03;163.783,80
INDUSTRIA;FUNDO DE INVESTIMENTO DO ESTADO DE MINAS GERAIS;PROMOCAO INDUSTRIAL;88.898.823,30;88.898.823,30;0
SEGURANCA PUBLICA;CORPO DE BOMBEIROS MILITAR DO ESTADO DE MINAS GERAIS;FORMACAO DE RECURSOS HUMANOS;23.921.173,91;21.725.987,02;21.615.217,43
ADMINISTRACAO;SECRETARIA DE ESTADO DE PLANEJAMENTO E GESTAO;PLANEJAMENTO E ORCAMENTO;19.513.689,58;14.211.513,09;14.199.523,68
CULTURA;FUNDACAO TV MINAS CULTURAL E EDUCATIVA;TELECOMUNICACOES;8.257.047,13;8.059.187,40;7.941.235,48
EDUCACAO;FUNDACAO EDUCACIONAL CAIO MARTINS;ENSINO MEDIO;359.240,30;359.240,30;359.240,30
CIENCIA E TECNOLOGIA;EMPRESA DE PESQUISA AGROPECUARIA DE MINAS GERAIS;DESENVOLVIMENTO CIENTIFICO;58.724.865,34;58.724.865,34;58.724.865,34
SAUDE;FUNDO ESTADUAL DE SAUDE;VIGILANCIA EPIDEMIOLOGICA;286.784.162,36;227.266.216,72;210.418.811,58
ENCARGOS ESPECIAIS;JUNTA COMERCIAL DO ESTADO DE MINAS GERAIS;OUTROS ENCARGOS ESPECIAIS;3.690.556,23;3.597.465,31;3.450.420,08
SEGURANCA PUBLICA;POLICIA CIVIL DO ESTADO DE MINAS GERAIS;CONTROLE INTERNO;31.996.555,52;31.793.674,21;31.786.552,96
ADMINISTRACAO;INSTITUTO MINEIRO DE AGROPECUARIA;ADMINISTRACAO GERAL;172.034.104,13;169.977.404,43;169.986.719,31
ADMINISTRACAO;AGENCIA DE DESENVOLVIMENTO DA REGIAO METROPOLITANA DE BELO HORIZONTE;ADMINISTRACAO GERAL;2.613.444,11;2.501.356,11;2.424.696,73
ADMINISTRACAO;SECRETARIA DE ESTADO DE GOVERNO;ADMINISTRACAO GERAL;1.612.367.422,42;1.582.547.050,78;1.572.466.267,45
ADMINISTRACAO;ADVOCACIA GERAL DO ESTADO;ADMINISTRACAO GERAL;42.160.693,97;41.267.960,55;40.822.341,15
EDUCACAO;UNIVERSIDADE DO ESTADO DE MINAS GERAIS;ADMINISTRACAO GERAL;631.786,24;590.127,73;573.876,53
ASSISTENCIA SOCIAL;INSTITUTO DE PREVIDENCIA DOS SERVIDORES DO ESTADO DE MINAS GERAIS;ASSISTENCIA COMUNITARIA;1.049.500,00;869.134,90;869.134,90
AGRICULTURA;SECRETARIA DE ESTADO DE AGRICULTURA, PECUARIA E ABASTECIMENTO - SEAPA;RECURSOS HIDRICOS;48.912.817,28;48.899.019,14;44.327.344,18
SEGURANCA PUBLICA;POLICIA CIVIL DO ESTADO DE MINAS GERAIS;CUSTODIA E REINTEGRACAO SOCIAL;3.851.960,23;3.465.811,41;3.461.755,85
COMERCIO E SERVICOS;SECRETARIA DE ESTADO DE DESENVOLVIMENTO ECONOMICO;ENERGIA ELETRICA;738.712,48;738.712,48;738.712,48
DIREITOS DA CIDADANIA;SECRETARIA DE ESTADO DE DESENVOLVIMENTO SOCIAL;ALIMENTACAO E NUTRICAO;1.902.088,25;1.894.301,80;1.058.692,86
ADMINISTRACAO;FUNDACAO JOAO PINHEIRO;PLANEJAMENTO E ORCAMENTO;19.875.031,92;19.680.839,71;19.303.385,19
EDUCACAO;UNIVERSIDADE ESTADUAL DE MONTES CLAROS;ENSINO PROFISSIONAL;12.333.407,07;8.995.862,26;7.865.930,83
DIREITOS DA CIDADANIA;SECRETARIA DE ESTADO DE DESENVOLVIMENTO SOCIAL;DIREITOS INDIVIDUAIS, COLETIVOS E DIFUSOS;33.229.278,66;30.839.564,49;29.484.294,67
AGRICULTURA;SECRETARIA DE ESTADO DE AGRICULTURA, PECUARIA E ABASTECIMENTO - SEAPA;PROMOCAO DA PRODUCAO AGROPECUARIA;117.403.890,55;115.112.480,55;111.677.921,83
ENCARGOS ESPECIAIS;FUNDACAO DE EDUCACAO PARA O TRABALHO DE MINAS GERAIS;OUTROS ENCARGOS ESPECIAIS;13.148,44;13.148,44;13.148,44
SEGURANCA PUBLICA;CORPO DE BOMBEIROS MILITAR DO ESTADO DE MINAS GERAIS;PREVIDENCIA DO REGIME ESTATUTARIO;564.491.383,88;564.491.383,88;564.491.383,88
ADMINISTRACAO;JUNTA COMERCIAL DO ESTADO DE MINAS GERAIS;ADMINISTRACAO GERAL;4.340.951,28;4.091.669,45;4.059.849,86
ADMINISTRACAO;DEPARTAMENTO DE EDIFICACOES E ESTRADAS DE RODAGEM DO ESTADO DE MINAS GERAIS;ADMINISTRACAO GERAL;121.736.875,67;113.639.195,76;112.091.051,51
ASSISTENCIA SOCIAL;FUNDO ESTADUAL DE ASSISTENCIA SOCIAL;ASSISTENCIA COMUNITARIA;207.531.660,90;189.241.489,70;187.462.418,98
CULTURA;FUNDACAO DE ARTE DE OURO PRETO;DIFUSAO CULTURAL;2.912.277,14;2.587.869,34;2.527.835,84
EDUCACAO;EMPRESA DE PESQUISA AGROPECUARIA DE MINAS GERAIS;ENSINO SUPERIOR;14.589.414,41;14.589.414,41;14.589.414,41
CULTURA;INSTITUTO ESTADUAL DO PATRIMONIO HISTORICO E ARTISTICO DE MINAS GERAIS;PATRIMONIO HISTORICO, ARTISTICO E ARQUEOLOGICO;14.143.560,23;10.284.799,44;10.239.967,10
LEGISLATIVA;TRIBUNAL DE CONTAS DO ESTADO DE MINAS GERAIS;CONTROLE EXTERNO;543.737.719,13;541.529.389,23;540.495.546,81
EDUCACAO;SECRETARIA DE ESTADO DE EDUCACAO;TRANSPORTE RODOVIARIO;552.606.571,65;538.957.924,63;537.782.222,48
EDUCACAO;SECRETARIA DE ESTADO DE EDUCACAO;EDUCACAO INFANTIL;5.279.528,25;5.279.528,25;5.279.528,25
EDUCACAO;SECRETARIA DE ESTADO DE EDUCACAO;EDUCACAO DE JOVENS E ADULTOS;98.289.716,39;98.289.056,52;98.289.056,52
DESPORTO E LAZER;SECRETARIA DE ESTADO DE DESENVOLVIMENTO SOCIAL;EDUCACAO DE JOVENS E ADULTOS;5.691.927,15;5.684.203,42;5.505.366,13
URBANISMO;SECRETARIA DE ESTADO DE INFRAESTRUTURA E MOBILIDADE;INFRA-ESTRUTURA URBANA;430.877.766,45;376.279.868,70;299.522.465,11
ADMINISTRACAO;OUVIDORIA-GERAL DO ESTADO DE MINAS GERAIS;TECNOLOGIA DA INFORMACAO;489.613,17;282.133,17;281.398,37
ENCARGOS ESPECIAIS;FUNDO DE ASSISTENCIA AO PECULIO DOS SERVIDORES DO ESTADO DE MINAS GERAIS;OUTROS ENCARGOS ESPECIAIS;2.296.079,84;2.296.079,74;2.287.464,30
ENCARGOS ESPECIAIS;FUNDO FINANCEIRO DE PREVIDENCIA DO ESTADO DE MINAS GERAIS;OUTROS ENCARGOS ESPECIAIS;1.414.969,41;1.414.969,41;1.413.541,34
SAUDE;INSTITUTO DE PREVIDENCIA DOS SERVIDORES MILITARES DO ESTADO DE MINAS GERAIS;ASSISTENCIA HOSPITALAR E AMBULATORIAL;722.757.183,24;713.587.136,56;698.735.103,81
JUDICIARIA;FUNDO ESPECIAL DO PODER JUDICIARIO DO ESTADO DE MINAS GERAIS;ACAO JUDICIARIA;1.384.323.669,57;1.143.772.583,07;1.048.589.130,52
CIENCIA E TECNOLOGIA;SECRETARIA DE ESTADO DE DESENVOLVIMENTO ECONOMICO;DIFUSAO DO CONHECIMENTO CIENTIFICO E TECNOLOGICO;3.037.311,75;2.873.691,10;2.875.093,48
ADMINISTRACAO;INSTITUTO DE DESENVOLVIMENTO DO NORTE E NORDESTE DE MINAS GERAIS;ADMINISTRACAO GERAL;13.181.744,41;12.707.884,72;12.257.260,62
ADMINISTRACAO;FUNDACAO TV MINAS CULTURAL E EDUCATIVA;ADMINISTRACAO GERAL;11.888.361,38;11.367.087,45;10.967.106,94
SAUDE;FUNDO ESTADUAL DE SAUDE;ADMINISTRACAO GERAL;639.837.682,11;619.177.656,60;591.839.617,50
SEGURANCA PUBLICA;SECRETARIA DE ESTADO DE JUSTICA E SEGURANCA PUBLICA;ADMINISTRACAO GERAL;108.765.634,75;107.561.450,97;106.441.472,15
ORGANIZACAO AGRARIA;SECRETARIA DE ESTADO DE AGRICULTURA, PECUARIA E ABASTECIMENTO - SEAPA;ABASTECIMENTO;5.577.214,55;4.562.411,54;4.099.854,84
ENCARGOS ESPECIAIS;GESTAO DA DIVIDA PUBLICA ESTADUAL;SERVICO DA DIVIDA INTERNA;4.104.118.729,09;3.981.089.017,81;3.981.089.017,81
HABITACAO;FUNDO DE APOIO HABITACIONAL DA ASSEMBLEIA LEGISLATIVA DE MINAS GERAIS;HABITACAO URBANA;4.983.186,54;3.723.186,54;3.456.207,79
GESTAO AMBIENTAL;SECRETARIA DE ESTADO DE MEIO AMBIENTE E DESENVOLVIMENTO SUSTENTAVEL;PRESERVACAO E CONSERVACAO AMBIENTAL;8.908.819,59;8.680.354,92;8.678.716,20
SANEAMENTO;PARTICIPACAO NO AUMENTO DO CAPITAL SOCIAL DE EMPRESAS;SANEAMENTO BASICO URBANO;377.295.557,90;0;0
EDUCACAO;FUNDACAO HELENA ANTIPOFF;EDUCACAO BASICA;23.398.709,29;20.251.330,83;19.891.504,99
ENCARGOS ESPECIAIS;EMPRESA DE ASSISTENCIA TECNICA E EXTENSAO RURAL DO ESTADO DE MINAS GERAIS;OUTROS ENCARGOS ESPECIAIS;312.108,00;312.108,00;312.108,00
ENCARGOS ESPECIAIS;FUNDACAO JOAO PINHEIRO;OUTROS ENCARGOS ESPECIAIS;3.682.346,36;3.682.346,36;3.638.000,47
ENCARGOS ESPECIAIS;DEPARTAMENTO DE EDIFICACOES E ESTRADAS DE RODAGEM DO ESTADO DE MINAS GERAIS;OUTROS ENCARGOS ESPECIAIS;116.075.813,21;114.520.586,20;96.688.142,42
PREVIDENCIA SOCIAL;PROCURADORIA GERAL DE JUSTICA;PREVIDENCIA DO REGIME ESTATUTARIO;548.189.809,11;548.189.809,11;548.189.809,11
SAUDE;INSTITUTO DE PREVIDENCIA DOS SERVIDORES DO ESTADO DE MINAS GERAIS;ASSISTENCIA HOSPITALAR E AMBULATORIAL;1.240.625.618,29;1.054.730.019,73;1.030.253.360,38
SAUDE;FUNDO ESTADUAL DE SAUDE;ACAO JUDICIARIA;519.390.472,54;436.567.230,65;413.420.671,39
CIENCIA E TECNOLOGIA;FUNDACAO DE AMPARO A PESQUISA DO ESTADO DE MINAS GERAIS;DIFUSAO DO CONHECIMENTO CIENTIFICO E TECNOLOGICO;93.699.176,29;82.825.311,89;82.860.980,92
ADMINISTRACAO;INSTITUTO ESTADUAL DO PATRIMONIO HISTORICO E ARTISTICO DE MINAS GERAIS;ADMINISTRACAO GERAL;6.785.627,43;6.098.334,08;5.818.626,30
ADMINISTRACAO;SECRETARIA DE ESTADO DE AGRICULTURA, PECUARIA E ABASTECIMENTO - SEAPA;ADMINISTRACAO GERAL;21.874.536,57;21.764.781,53;21.451.480,36
SAUDE;FUNDACAO EZEQUIEL DIAS;ADMINISTRACAO GERAL;46.259.076,32;44.138.064,16;43.097.970,90
CIENCIA E TECNOLOGIA;FUNDACAO DE AMPARO A PESQUISA DO ESTADO DE MINAS GERAIS;ADMINISTRACAO GERAL;18.046.813,64;16.902.608,92;15.919.377,67
AGRICULTURA;INSTITUTO MINEIRO DE AGROPECUARIA;DEFESA AGROPECUARIA;66.789.802,65;65.178.611,81;65.070.432,79
TRABALHO;SECRETARIA DE ESTADO DE DESENVOLVIMENTO SOCIAL;FOMENTO AO TRABALHO;16.790.640,52;10.783.025,86;10.632.264,65
SEGURANCA PUBLICA;SECRETARIA DE ESTADO DE JUSTICA E SEGURANCA PUBLICA;POLICIAMENTO;62.113.220,40;59.317.935,33;51.385.938,30
CULTURA;INSTITUTO ESTADUAL DO PATRIMONIO HISTORICO E ARTISTICO DE MINAS GERAIS;DIFUSAO CULTURAL;478.375,17;476.047,92;476.220,82
GESTAO AMBIENTAL;FUNDO DE RECUPERACAO, PROTECAO E DESENVOLVIMENTO SUSTENTAVEL DAS BACIAS HIDROGRAFICAS DO ESTADO DE M;RECURSOS HIDRICOS;2.387.964,01;2.299.696,61;2.078.247,60
SAUDE;SECRETARIA DE ESTADO DE JUSTICA E SEGURANCA PUBLICA;CUSTODIA E REINTEGRACAO SOCIAL;150.766.149,70;131.762.529,81;129.994.252,14
EDUCACAO;FUNDACAO HELENA ANTIPOFF;ENSINO MEDIO;6.202.366,10;6.189.953,61;6.189.953,61
INDUSTRIA;PARTICIPACAO NO AUMENTO DO CAPITAL SOCIAL DE EMPRESAS;PRODUCAO INDUSTRIAL;320.669.214,44;320.669.214,44;320.669.214,44
EDUCACAO;POLICIA MILITAR DO ESTADO DE MINAS GERAIS;ENSINO FUNDAMENTAL;129.564.117,90;129.373.122,92;129.082.412,81
ADMINISTRACAO;SECRETARIA DE ESTADO DE FAZENDA;TECNOLOGIA DA INFORMACAO;127.036.527,11;99.421.555,00;90.673.535,03
ADMINISTRACAO;EGE SEC.FAZENDA-ENCARGOS DIVERSOS;ADMINISTRACAO FINANCEIRA;853.890.314,95;294.040.497,30;294.025.258,98
ADMINISTRACAO;PARTICIPACAO NO AUMENTO DO CAPITAL SOCIAL DE EMPRESAS;ADMINISTRACAO FINANCEIRA;240.395.140,74;97.509.823,76;97.509.823,76
ENCARGOS ESPECIAIS;EGE SEC.FAZENDA-ENCARGOS DIVERSOS;OUTROS ENCARGOS ESPECIAIS;10.147.972.811,00;9.983.653.778,19;9.983.653.778,19
ENCARGOS ESPECIAIS;FUNDACAO HOSPITALAR DO ESTADO DE MINAS GERAIS;OUTROS ENCARGOS ESPECIAIS;302.631.788,41;302.552.782,84;301.308.259,75
ENCARGOS ESPECIAIS;UNIVERSIDADE ESTADUAL DE MONTES CLAROS;OUTROS ENCARGOS ESPECIAIS;3.646.711,98;3.646.711,98;3.570.793,61
ENCARGOS ESPECIAIS;LOTERIA DO ESTADO DE MINAS GERAIS;OUTROS ENCARGOS ESPECIAIS;1.772.753,55;1.772.753,55;1.772.753,55
PREVIDENCIA SOCIAL;INSTITUTO DE PREVIDENCIA DOS SERVIDORES MILITARES DO ESTADO DE MINAS GERAIS;PREVIDENCIA DO REGIME ESTATUTARIO;1.895.937.881,89;1.877.740.403,34;1.221.703.055,18
EDUCACAO;UNIVERSIDADE ESTADUAL DE MONTES CLAROS;ASSISTENCIA HOSPITALAR E AMBULATORIAL;157.946.052,65;147.404.702,99;142.145.110,02
JUDICIARIA;TRIBUNAL DE JUSTICA MILITAR DO ESTADO DE MINAS GERAIS;ADMINISTRACAO GERAL;52.492.000,00;52.492.000,00;52.492.000,00
ADMINISTRACAO;SECRETARIA DE ESTADO DE DESENVOLVIMENTO ECONOMICO;ADMINISTRACAO GERAL;27.760.880,55;19.684.532,26;19.399.312,58
ADMINISTRACAO;OUVIDORIA-GERAL DO ESTADO DE MINAS GERAIS;ADMINISTRACAO GERAL;6.207.021,90;6.207.021,90;6.207.021,90
SAUDE;INSTITUTO DE PREVIDENCIA DOS SERVIDORES DO ESTADO DE MINAS GERAIS;ADMINISTRACAO GERAL;142.617.542,09;133.624.709,21;130.776.413,57
TRABALHO;FUNDO ESTADUAL DO TRABALHO DE MINAS GERAIS;FOMENTO AO TRABALHO;26.688,12;4.264,26;0
CULTURA;SECRETARIA DE ESTADO DE CULTURA E TURISMO;PATRIMONIO HISTORICO, ARTISTICO E ARQUEOLOGICO;2.351.586,07;2.316.170,04;2.315.949,84
LEGISLATIVA;TRIBUNAL DE CONTAS DO ESTADO DE MINAS GERAIS;FORMACAO DE RECURSOS HUMANOS;2.454.830,10;2.314.932,76;2.259.519,87
COMERCIO E SERVICOS;SECRETARIA DE ESTADO DE CULTURA E TURISMO;TURISMO;5.327.632,06;4.720.783,78;4.720.157,69
CIENCIA E TECNOLOGIA;FUNDACAO DE AMPARO A PESQUISA DO ESTADO DE MINAS GERAIS;DESENVOLVIMENTO CIENTIFICO;339.579.631,49;339.131.275,56;326.778.607,67
ADMINISTRACAO;SECRETARIA DE ESTADO DE FAZENDA;ADMINISTRACAO FINANCEIRA;128.519.077,14;112.756.408,87;110.212.685,85
ENCARGOS ESPECIAIS;GESTAO DA DIVIDA PUBLICA ESTADUAL;OUTROS ENCARGOS ESPECIAIS;1.055.494.933,23;1.055.494.933,23;996.155.317,83
SAUDE;FUNDACAO CENTRO DE HEMATOLOGIA E HEMOTERAPIA DE MINAS GERAIS;ASSISTENCIA HOSPITALAR E AMBULATORIAL;309.524.798,29;273.183.471,75;267.517.459,84
LEGISLATIVA;ASSEMBLEIA LEGISLATIVA DO ESTADO DE MINAS GERAIS;ACAO LEGISLATIVA;1.238.734.047,47;1.115.281.526,67;1.108.667.090,78
ENCARGOS ESPECIAIS;GESTAO DA DIVIDA PUBLICA ESTADUAL;SERVICO DA DIVIDA EXTERNA;540.615.687,63;540.615.687,63;540.615.687,63
ADMINISTRACAO;FUNDACAO DE EDUCACAO PARA O TRABALHO DE MINAS GERAIS;ADMINISTRACAO GERAL;2.166.015,70;2.100.383,16;2.084.702,56
SAUDE;FUNDACAO HOSPITALAR DO ESTADO DE MINAS GERAIS;ADMINISTRACAO GERAL;161.137.641,10;143.041.306,44;139.116.464,97
ADMINISTRACAO;SECRETARIA DE ESTADO DE INFRAESTRUTURA E MOBILIDADE;ADMINISTRACAO DE CONCESSOES;21.878.801,11;4.336.744,92;4.099.888,67
SEGURANCA PUBLICA;CORPO DE BOMBEIROS MILITAR DO ESTADO DE MINAS GERAIS;DEFESA CIVIL;998.395.537,64;936.758.911,58;934.342.613,66
ESSENCIAL A JUSTICA;DEFENSORIA PUBLICA DO ESTADO DE MINAS GERAIS;REPRESENTACAO JUDICIAL E EXTRAJUDICIAL;609.909.722,55;592.473.519,03;588.192.391,62
EDUCACAO;SECRETARIA DE ESTADO DE EDUCACAO;ENSINO MEDIO;3.238.868.566,78;3.229.335.662,25;3.146.963.922,13
SANEAMENTO;INSTITUTO DE DESENVOLVIMENTO DO NORTE E NORDESTE DE MINAS GERAIS;SANEAMENTO BASICO RURAL;9.473.107,75;8.920.049,97;8.915.580,81
ADMINISTRACAO;SECRETARIA-GERAL;COMUNICACAO SOCIAL;55.855.151,22;33.138.381,03;32.713.712,77
SEGURANCA PUBLICA;FUNDO ESTADUAL DE SEGURANCA PUBLICA DE MINAS GERAIS;ADMINISTRACAO FINANCEIRA;25.338.987,88;11.474.135,71;9.347.783,02
TRANSPORTE;SECRETARIA DE ESTADO DE INFRAESTRUTURA E MOBILIDADE;TRANSPORTE AEREO;9.040.729,39;4.470.753,07;3.884.271,78
ENCARGOS ESPECIAIS;INSTITUTO MINEIRO DE GESTAO DAS AGUAS;OUTROS ENCARGOS ESPECIAIS;76.032,78;76.032,78;71.743,56
ENCARGOS ESPECIAIS;ADVOCACIA GERAL DO ESTADO;OUTROS ENCARGOS ESPECIAIS;847.019.615,52;846.953.804,33;636.585.173,09
ESSENCIAL A JUSTICA;FUNDO ESTADUAL DE PROTECAO E DEFESA DO CONSUMIDOR;ACAO JUDICIARIA;11.107.774,68;10.032.800,23;9.730.140,45
ADMINISTRACAO;EMPRESA DE ASSISTENCIA TECNICA E EXTENSAO RURAL DO ESTADO DE MINAS GERAIS;ADMINISTRACAO GERAL;1.410.178,91;1.410.178,91;1.410.178,91
ADMINISTRACAO;FUNDACAO DE ARTE DE OURO PRETO;ADMINISTRACAO GERAL;1.541.988,66;1.514.604,82;1.453.173,95
HABITACAO;FUNDO ESTADUAL DE HABITACAO;ADMINISTRACAO GERAL;17.493.925,29;16.080.240,21;16.080.240,21
PREVIDENCIA SOCIAL;INSTITUTO DE PREVIDENCIA DOS SERVIDORES MILITARES DO ESTADO DE MINAS GERAIS;ADMINISTRACAO GERAL;27.489.760,04;23.319.975,32;23.183.201,42
TRABALHO;FUNDACAO EDUCACIONAL CAIO MARTINS;FOMENTO AO TRABALHO;1.042.372,98;956.692,98;956.692,98
SEGURANCA PUBLICA;POLICIA CIVIL DO ESTADO DE MINAS GERAIS;POLICIAMENTO;2.429.804.964,58;2.366.823.203,51;2.353.071.272,69
SAUDE;SECRETARIA DE ESTADO DE JUSTICA E SEGURANCA PUBLICA;ATENCAO BASICA;816.953,25;816.953,25;816.953,25
CULTURA;FUNDACAO CLOVIS SALGADO;DIFUSAO CULTURAL;26.484.250,09;26.301.157,79;26.103.995,13
EDUCACAO;UNIVERSIDADE DO ESTADO DE MINAS GERAIS;ENSINO SUPERIOR;456.173.757,92;422.073.802,10;412.224.603,76
SAUDE;ESCOLA DE SAUDE PUBLICA DO ESTADO DE MINAS GERAIS;FORMACAO DE RECURSOS HUMANOS;11.909.744,43;11.590.490,02;11.350.358,14
SAUDE;FUNDO ESTADUAL DE SAUDE;ASSISTENCIA AO PORTADOR DE DEFICIENCIA;113.503.747,95;95.715.424,56;95.713.636,70
PREVIDENCIA SOCIAL;INSTITUTO DE PREVIDENCIA DO LEGISLATIVO DO ESTADO DE MINAS GERAIS;PREVIDENCIA ESPECIAL;45.827.402,89;45.827.402,89;45.827.402,89
CIENCIA E TECNOLOGIA;FUNDACAO DE AMPARO A PESQUISA DO ESTADO DE MINAS GERAIS;DESENVOLVIMENTO TECNOLOGICO E ENGENHARIA;2.000.000,00;2.000.000,00;2.000.000,00
SAUDE;FUNDO ESTADUAL DE SAUDE;DIREITOS INDIVIDUAIS, COLETIVOS E DIFUSOS;8.960.489,33;8.960.489,33;8.960.489,33
TRANSPORTE;FUNDO ESTADUAL DE DESENVOLVIMENTO DE TRANSPORTES;TRANSPORTE RODOVIARIO;105.554.998,09;24.134.230,35;23.795.189,35
TRANSPORTE;DEPARTAMENTO DE EDIFICACOES E ESTRADAS DE RODAGEM DO ESTADO DE MINAS GERAIS;TRANSPORTE RODOVIARIO;1.772.018.865,61;1.045.470.117,03;1.039.416.927,67
SANEAMENTO;SECRETARIA DE ESTADO DE DESENVOLVIMENTO ECONOMICO;SANEAMENTO BASICO RURAL;10.257.045,41;6.222.883,19;5.928.383,83
TRANSPORTE;SECRETARIA DE ESTADO DE INFRAESTRUTURA E MOBILIDADE;TRANSPORTE FERROVIARIO;247.531,27;205.517,24;205.517,24
SAUDE;FUNDO ESTADUAL DE SAUDE;DESENVOLVIMENTO CIENTIFICO;1.564.416,16;1.564.416,16;1.564.416,16
ENCARGOS ESPECIAIS;EMPRESA DE PESQUISA AGROPECUARIA DE MINAS GERAIS;OUTROS ENCARGOS ESPECIAIS;8.868.480,94;8.868.480,94;8.868.480,94
ENCARGOS ESPECIAIS;AGENCIA REGULADORA DE SERVICOS DE ABASTECIMENTO DE AGUA E DE ESGOTAMENTO SANITARIO DO ESTADO DE MINA;OUTROS ENCARGOS ESPECIAIS;600;600;600
ENCARGOS ESPECIAIS;EMPRESA MINEIRA DE COMUNICACAO;OUTROS ENCARGOS ESPECIAIS;882.600,97;882.600,97;882.600,97
GESTAO AMBIENTAL;INSTITUTO ESTADUAL DE FLORESTAS;CONTROLE AMBIENTAL;11.883.885,42;11.681.689,81;11.678.044,93
SAUDE;FUNDACAO HOSPITALAR DO ESTADO DE MINAS GERAIS;ASSISTENCIA HOSPITALAR E AMBULATORIAL;1.813.859.641,68;1.719.729.927,93;1.703.072.842,85
CULTURA;FUNDACAO JOAO PINHEIRO;DIFUSAO DO CONHECIMENTO CIENTIFICO E TECNOLOGICO;1.796.110,08;1.794.844,62;1.791.865,44
COMERCIO E SERVICOS;INSTITUTO DE METROLOGIA E QUALIDADE DO ESTADO DE MINAS GERAIS;NORMALIZACAO E QUALIDADE;933.382,08;907.083,02;915.104,74
ADMINISTRACAO;SECRETARIA DE ESTADO DE PLANEJAMENTO E GESTAO;ADMINISTRACAO GERAL;311.790.893,86;282.615.888,64;269.819.670,49
ADMINISTRACAO;INSTITUTO MINEIRO DE GESTAO DAS AGUAS;ADMINISTRACAO GERAL;14.180.020,00;13.358.673,29;13.276.354,13
HABITACAO;SECRETARIA DE ESTADO DE DESENVOLVIMENTO SOCIAL;ADMINISTRACAO GERAL;260.535,92;253.818,08;253.992,78
SEGURANCA PUBLICA;POLICIA CIVIL DO ESTADO DE MINAS GERAIS;ADMINISTRACAO GERAL;273.888.386,65;273.339.008,47;273.195.939,79
SEGURANCA PUBLICA;POLICIA CIVIL DO ESTADO DE MINAS GERAIS;FORMACAO DE RECURSOS HUMANOS;86.811.964,94;86.239.934,52;86.191.503,89
ESSENCIAL A JUSTICA;ADVOCACIA GERAL DO ESTADO;REPRESENTACAO JUDICIAL E EXTRAJUDICIAL;333.487.878,94;330.293.318,25;321.534.359,62
SEGURANCA PUBLICA;SECRETARIA DE ESTADO DE JUSTICA E SEGURANCA PUBLICA;PROTECAO E BENEFICIOS AO TRABALHADOR;313.211,69;313.211,69;313.211,69
SANEAMENTO;SECRETARIA DE ESTADO DE MEIO AMBIENTE E DESENVOLVIMENTO SUSTENTAVEL;SANEAMENTO BASICO URBANO;37.754.301,97;35.538.975,50;32.410.120,97
ENCARGOS ESPECIAIS;FUNDACAO DE AMPARO A PESQUISA DO ESTADO DE MINAS GERAIS;OUTROS ENCARGOS ESPECIAIS;193.242,38;193.242,38;175.212,82
ENCARGOS ESPECIAIS;FUNDACAO HELENA ANTIPOFF;OUTROS ENCARGOS ESPECIAIS;2.312,55;2.312,55;2.312,55
ENCARGOS ESPECIAIS;UNIVERSIDADE DO ESTADO DE MINAS GERAIS;OUTROS ENCARGOS ESPECIAIS;7.362.076,14;7.360.076,14;6.308.622,32
SEGURANCA PUBLICA;SECRETARIA DE ESTADO DE JUSTICA E SEGURANCA PUBLICA;INFORMACAO E INTELIGENCIA;917.530,66;917.530,66;917.530,66
PREVIDENCIA SOCIAL;TRIBUNAL DE JUSTICA DO ESTADO DE MINAS GERAIS;PREVIDENCIA DO REGIME ESTATUTARIO;1.967.289.462,85;1.967.289.462,85;1.967.582.440,72
PREVIDENCIA SOCIAL;FUNDO FINANCEIRO DE PREVIDENCIA DO ESTADO DE MINAS GERAIS;PREVIDENCIA DO REGIME ESTATUTARIO;15.317.380.807,93;15.317.301.648,22;15.322.818.683,19
JUDICIARIA;TRIBUNAL DE JUSTICA MILITAR DO ESTADO DE MINAS GERAIS;ACAO JUDICIARIA;14.174.393,94;9.580.800,92;9.005.592,73
JUDICIARIA;TRIBUNAL DE JUSTICA DO ESTADO DE MINAS GERAIS;ADMINISTRACAO GERAL;5.057.547.933,05;5.057.547.933,05;5.057.831.969,78
ADMINISTRACAO;FUNDACAO ESTADUAL DO MEIO AMBIENTE;ADMINISTRACAO GERAL;22.020.865,15;21.999.677,13;21.999.456,52
ADMINISTRACAO;SECRETARIA-GERAL;ADMINISTRACAO GERAL;7.810.598,42;6.786.373,91;6.695.927,84
ADMINISTRACAO;SECRETARIA DE ESTADO DE CULTURA E TURISMO;ADMINISTRACAO GERAL;14.055.870,32;13.896.760,97;13.894.717,04
ADMINISTRACAO;SECRETARIA DE ESTADO DE INFRAESTRUTURA E MOBILIDADE;ADMINISTRACAO GERAL;8.167.664,92;7.708.599,17;7.517.431,84
EDUCACAO;FUNDACAO HELENA ANTIPOFF;ADMINISTRACAO GERAL;15.185.653,35;14.101.451,99;14.101.907,93
ADMINISTRACAO;FUNDO DE PAGAMENTO DE PARCERIAS PUBLICO - PRIVADAS DE MINAS GERAIS;ADMINISTRACAO DE CONCESSOES;386.159.674,85;248.996.997,66;238.193.664,04
DESPORTO E LAZER;SECRETARIA DE ESTADO DE DESENVOLVIMENTO SOCIAL;DESPORTO DE RENDIMENTO;2.269.785,72;2.269.785,72;1.975.785,72
CULTURA;EMPRESA MINEIRA DE COMUNICACAO;DIFUSAO CULTURAL;11.221.341,84;11.221.341,84;11.221.341,84
SEGURANCA PUBLICA;GABINETE MILITAR DO GOVERNADOR DO ESTADO DE MINAS GERAIS;DEFESA CIVIL;16.034.770,41;13.072.290,35;12.954.877,80
EDUCACAO;FUNDACAO EDUCACIONAL CAIO MARTINS;ENSINO PROFISSIONAL;9.294.244,68;7.913.835,35;7.793.859,22
SAUDE;SECRETARIA DE ESTADO DE DESENVOLVIMENTO SOCIAL;DIREITOS INDIVIDUAIS, COLETIVOS E DIFUSOS;8.960.489,33;8.954.804,49;8.529.668,23
AGRICULTURA;SECRETARIA DE ESTADO DE AGRICULTURA, PECUARIA E ABASTECIMENTO - SEAPA;PROMOCAO DA PRODUCAO ANIMAL;929,44;929,44;929,44
EDUCACAO;FUNDACAO HELENA ANTIPOFF;ENSINO FUNDAMENTAL;10.059.259,13;9.934.730,72;9.934.730,72
SAUDE;SECRETARIA DE ESTADO DE JUSTICA E SEGURANCA PUBLICA;ASSISTENCIA A CRIANCA E AO ADOLESCENTE;21.302.125,29;20.175.821,30;20.123.230,80
