Funcao;Orgao;Subfuncao;"Valor Empenhado";"Valor Liquidado";"Valor Pago"
"DESPORTO E LAZER";"SECRETARIA DE ESTADO DE DESENVOLVIMENTO SOCIAL";"DESPORTO COMUNITARIO";31.025.742,52;23.442.929,10;20.824.290,62
"DESPORTO E LAZER";"SECRETARIA DE ESTADO DE DESENVOLVIMENTO SOCIAL";LAZER;1.612.895,10;1.612.895,10;1.612.895,10
"ENCARGOS ESPECIAIS";"FUNDACAO CENTRO DE HEMATOLOGIA E HEMOTERAPIA DE MINAS GERAIS";"OUTROS ENCARGOS ESPECIAIS";20.781.162,25;20.623.591,87;20.500.824,80
"ENCARGOS ESPECIAIS";"FUNDACAO EDUCACIONAL CAIO MARTINS";"OUTROS ENCARGOS ESPECIAIS";1.047.676,82;1.047.676,82;916.276,97
"SEGURANCA PUBLICA";"GABINETE MILITAR DO GOVERNADOR DO ESTADO DE MINAS GERAIS";"INFORMACAO E INTELIGENCIA";3.232.949,96;3.129.071,37;3.004.474,38
"GESTAO AMBIENTAL";"SECRETARIA DE ESTADO DE MEIO AMBIENTE E DESENVOLVIMENTO SUSTENTAVEL";"CONTROLE AMBIENTAL";80.687.165,02;79.525.825,61;78.139.285,17
SAUDE;"POLICIA MILITAR DO ESTADO DE MINAS GERAIS";"ASSISTENCIA HOSPITALAR E AMBULATORIAL";275.151.559,16;254.636.263,51;250.632.048,76
SAUDE;"CORPO DE BOMBEIROS MILITAR DO ESTADO DE MINAS GERAIS";"ASSISTENCIA HOSPITALAR E AMBULATORIAL";20.955.727,95;20.510.349,41;20.261.141,97
"ESSENCIAL A JUSTICA";"PROCURADORIA GERAL DE JUSTICA";"ADMINISTRACAO GERAL";1.083.866.603,22;1.005.435.670,72;993.144.461,11
"ESSENCIAL A JUSTICA";"FUNDO ESPECIAL DO MINISTERIO PUBLICO DO ESTADO DE MINAS GERAIS";"ADMINISTRACAO GERAL";22.753.817,22;15.338.453,03;15.108.205,99
ADMINISTRACAO;"EMPRESA DE PESQUISA AGROPECUARIA DE MINAS GERAIS";"ADMINISTRACAO GERAL";21.441.257,07;21.441.257,07;21.441.257,07
ADMINISTRACAO;"SECRETARIA DE ESTADO DE MEIO AMBIENTE E DESENVOLVIMENTO SUSTENTAVEL";"ADMINISTRACAO GERAL";54.534.773,15;50.461.916,84;49.581.019,64
ADMINISTRACAO;"SECRETARIA DE ESTADO DE FAZENDA";"ADMINISTRACAO GERAL";79.683.331,04;78.951.692,19;78.483.172,13
ADMINISTRACAO;"LOTERIA DO ESTADO DE MINAS GERAIS";"ADMINISTRACAO GERAL";934.610,62;850.096,91;845.148,03
ADMINISTRACAO;"AGENCIA DE DESENVOLVIMENTO DA REGIAO METROPOLITANA DO VALE DO ACO";"ADMINISTRACAO GERAL";910.478,77;910.478,77;910.364,05
ADMINISTRACAO;"EMPRESA MINEIRA DE COMUNICACAO";"ADMINISTRACAO GERAL";3.217.443,83;3.217.443,83;3.217.443,83
LEGISLATIVA;"INSTITUTO DE PREVIDENCIA DO LEGISLATIVO DO ESTADO DE MINAS GERAIS";"ADMINISTRACAO GERAL";3.585.634,33;3.585.634,33;3.585.634,33
"SEGURANCA PUBLICA";"POLICIA MILITAR DO ESTADO DE MINAS GERAIS";"ADMINISTRACAO GERAL";203.240.452,68;201.937.117,46;200.675.589,95
"ASSISTENCIA SOCIAL";"SECRETARIA DE ESTADO DE DESENVOLVIMENTO SOCIAL";"ASSISTENCIA COMUNITARIA";42.233.118,22;40.364.060,37;39.026.794,23
AGRICULTURA;"SECRETARIA DE ESTADO DE AGRICULTURA, PECUARIA E ABASTECIMENTO - SEAPA";ABASTECIMENTO;1.130.099,90;812.500,71;751.217,13
JUDICIARIA;"FUNDO ESPECIAL DO PODER JUDICIARIO DO ESTADO DE MINAS GERAIS";"FORMACAO DE RECURSOS HUMANOS";1.815.736,40;1.306.787,83;1.234.279,41
ADMINISTRACAO;"OUVIDORIA-GERAL DO ESTADO DE MINAS GERAIS";"FORMACAO DE RECURSOS HUMANOS";198.825,13;198.825,13;198.825,13
ADMINISTRACAO;"EGE-SECRETARIA DE ESTADO DE PLANEJAMENTO E GESTAO";"PREVIDENCIA ESPECIAL";196.808.909,95;196.808.909,95;196.808.909,95
"GESTAO AMBIENTAL";"FUNDACAO ESTADUAL DO MEIO AMBIENTE";"PRESERVACAO E CONSERVACAO AMBIENTAL";9.566.295,23;9.532.118,63;9.395.816,55
URBANISMO;"SECRETARIA DE ESTADO DE DESENVOLVIMENTO ECONOMICO";"SERVICOS URBANOS";468.599,43;468.599,43;468.599,43
"DIREITOS DA CIDADANIA";"OUVIDORIA-GERAL DO ESTADO DE MINAS GERAIS";"DIREITOS INDIVIDUAIS, COLETIVOS E DIFUSOS";4.559.286,06;4.483.200,55;4.412.864,77
SAUDE;"FUNDO ESTADUAL DE SAUDE";"SUPORTE PROFILATICO E TERAPEUTICO";779.496.702,88;710.160.214,65;709.724.626,67
"GESTAO AMBIENTAL";"INSTITUTO ESTADUAL DE FLORESTAS";"RECUPERACAO DE AREAS DEGRADADAS";12.964.017,73;12.518.868,80;11.996.120,05
SAUDE;"FUNDO ESTADUAL DE SAUDE";"VIGILANCIA SANITARIA";175.608.712,81;173.995.175,56;173.177.745,52
"SEGURANCA PUBLICA";"GABINETE MILITAR DO GOVERNADOR DO ESTADO DE MINAS GERAIS";"TRANSPORTE AEREO";8.676.057,59;8.515.728,69;7.761.505,80
"ENCARGOS ESPECIAIS";"INSTITUTO DE PREVIDENCIA DOS SERVIDORES DO ESTADO DE MINAS GERAIS";"OUTROS ENCARGOS ESPECIAIS";89.593.007,35;89.586.597,35;84.022.874,07
"ENCARGOS ESPECIAIS";"FUNDACAO TV MINAS CULTURAL E EDUCATIVA";"OUTROS ENCARGOS ESPECIAIS";24.401,82;24.401,82;19.887,75
"SEGURANCA PUBLICA";"POLICIA CIVIL DO ESTADO DE MINAS GERAIS";"INFORMACAO E INTELIGENCIA";25.656.431,90;24.885.422,23;24.676.596,78
URBANISMO;"SECRETARIA DE ESTADO DE DESENVOLVIMENTO ECONOMICO";"ORDENAMENTO TERRITORIAL";8.166.902,27;6.051.084,16;6.040.110,01
URBANISMO;"AGENCIA DE DESENVOLVIMENTO DA REGIAO METROPOLITANA DO VALE DO ACO";"ORDENAMENTO TERRITORIAL";1.263.108,33;1.188.911,94;1.176.343,93
"COMERCIO E SERVICOS";"SECRETARIA DE ESTADO DE DESENVOLVIMENTO ECONOMICO";"COMERCIO EXTERIOR";438.689,99;432.872,72;432.722,72
"PREVIDENCIA SOCIAL";"DEFENSORIA PUBLICA DO ESTADO DE MINAS GERAIS";"PREVIDENCIA DO REGIME ESTATUTARIO";108.260.523,29;108.260.523,29;108.329.967,80
SAUDE;"FUNDO ESTADUAL DE SAUDE";"ASSISTENCIA HOSPITALAR E AMBULATORIAL";5.814.567.091,93;5.500.578.847,24;5.454.057.696,70
AGRICULTURA;"EMPRESA DE PESQUISA AGROPECUARIA DE MINAS GERAIS";"DIFUSAO DO CONHECIMENTO CIENTIFICO E TECNOLOGICO";1.947.972,50;1.947.972,50;1.947.972,50
TRANSPORTE;"FUNDO ESTADUAL DE DESENVOLVIMENTO DE TRANSPORTES";"OUTRAS TRANSFERENCIAS";13.441.901,17;13.441.901,17;13.441.901,17
SAUDE;"CORPO DE BOMBEIROS MILITAR DO ESTADO DE MINAS GERAIS";"ATENCAO BASICA";10.354.064,98;1.187.640,67;1.143.399,64
CULTURA;"SECRETARIA DE ESTADO DE CULTURA E TURISMO";"DIFUSAO CULTURAL";68.504.714,38;66.203.414,61;49.098.276,27
SAUDE;"FUNDO ESTADUAL DE SAUDE";"FORMACAO DE RECURSOS HUMANOS";15.155.579,83;15.155.579,83;15.155.579,83
TRANSPORTE;"FUNDO ESTADUAL DE DESENVOLVIMENTO DE TRANSPORTES";"ADMINISTRACAO DE RECEITAS";35.583.684,14;27.360.016,67;26.948.425,96
"GESTAO AMBIENTAL";"INSTITUTO ESTADUAL DE FLORESTAS";"PRESERVACAO E CONSERVACAO AMBIENTAL";59.253.600,98;55.085.537,33;49.356.204,38
"SEGURANCA PUBLICA";"POLICIA CIVIL DO ESTADO DE MINAS GERAIS";"DIREITOS INDIVIDUAIS, COLETIVOS E DIFUSOS";38.107.704,90;35.613.167,74;35.246.739,41
"COMERCIO E SERVICOS";"LOTERIA DO ESTADO DE MINAS GERAIS";COMERCIALIZACAO;4.658.849,18;3.150.660,73;3.130.208,40
EDUCACAO;"POLICIA CIVIL DO ESTADO DE MINAS GERAIS";"EDUCACAO BASICA";5.896.994,06;5.227.155,11;5.062.657,06
"DIREITOS DA CIDADANIA";"FUNDO PARA A INFANCIA E A ADOLESCENCIA";"ASSISTENCIA A CRIANCA E AO ADOLESCENTE";167.117,25;167.117,25;167.117,25
"ENCARGOS ESPECIAIS";"FUNDACAO ESTADUAL DO MEIO AMBIENTE";"OUTROS ENCARGOS ESPECIAIS";6.089.360,43;6.089.360,43;5.761.867,32
"ENCARGOS ESPECIAIS";"INSTITUTO DE PREVIDENCIA DOS SERVIDORES MILITARES DO ESTADO DE MINAS GERAIS";"OUTROS ENCARGOS ESPECIAIS";16.534.044,83;16.133.379,73;15.313.941,08
SANEAMENTO;"AGENCIA REGULADORA DE SERVICOS DE ABASTECIMENTO DE AGUA E DE ESGOTAMENTO SANITARIO DO ESTADO DE MINA";"NORMATIZACAO E FISCALIZACAO";8.960.788,71;7.705.583,40;7.701.498,54
"PREVIDENCIA SOCIAL";"TRIBUNAL DE JUSTICA MILITAR DO ESTADO DE MINAS GERAIS";"PREVIDENCIA DO REGIME ESTATUTARIO";20.173.000,00;20.173.000,00;20.173.000,00
"PREVIDENCIA SOCIAL";"FUNDO DE ASSISTENCIA AO PECULIO DOS SERVIDORES DO ESTADO DE MINAS GERAIS";"PREVIDENCIA DO REGIME ESTATUTARIO";115.729.505,03;115.668.003,39;103.394.447,33
"COMERCIO E SERVICOS";"PARTICIPACAO NO AUMENTO DO CAPITAL SOCIAL DE EMPRESAS";"SERVICOS FINANCEIROS";72.935,31;15.535,69;15.535,69
ADMINISTRACAO;"INSTITUTO DE METROLOGIA E QUALIDADE DO ESTADO DE MINAS GERAIS";"ADMINISTRACAO GERAL";7.929.084,01;7.639.733,15;6.993.537,20
EDUCACAO;"UNIVERSIDADE ESTADUAL DE MONTES CLAROS";"ADMINISTRACAO GERAL";19.076.753,84;16.407.079,80;15.621.269,77
LEGISLATIVA;"TRIBUNAL DE CONTAS DO ESTADO DE MINAS GERAIS";"ADMINISTRACAO GERAL";55.509.759,22;45.959.737,30;39.532.152,05
CULTURA;"FUNDO ESTADUAL DE CULTURA";"DIFUSAO CULTURAL";105.548,36;105.548,36;80.000,00
EDUCACAO;"UNIVERSIDADE ESTADUAL DE MONTES CLAROS";"ENSINO SUPERIOR";227.084.485,55;202.441.051,79;201.194.903,76
SAUDE;"INSTITUTO DE PREVIDENCIA DOS SERVIDORES DO ESTADO DE MINAS GERAIS";"ENSINO PROFISSIONAL";10.373.748,59;10.190.094,44;10.190.094,44
EDUCACAO;"SECRETARIA DE ESTADO DE EDUCACAO";"ENSINO PROFISSIONAL";166.261.931,76;88.832.441,78;87.099.169,15
EDUCACAO;"FUNDO ESTADUAL DO TRABALHO DE MINAS GERAIS";"ENSINO PROFISSIONAL";2.382.069,39;0,00;0,00
"RELACOES EXTERIORES";"SECRETARIA DE ESTADO DE DESENVOLVIMENTO ECONOMICO";"COOPERACAO INTERNACIONAL";567.762,84;552.937,17;560.442,15
EDUCACAO;"FUNDACAO EDUCACIONAL CAIO MARTINS";"ENSINO FUNDAMENTAL";1.622.098,31;368.320,86;368.320,86
"COMERCIO E SERVICOS";"SECRETARIA DE ESTADO DE DESENVOLVIMENTO ECONOMICO";"PROMOCAO COMERCIAL";3.558.565,46;3.515.399,62;3.500.549,75
ENERGIA;"SECRETARIA DE ESTADO DE DESENVOLVIMENTO ECONOMICO";BIOCOMBUSTIVEIS;6.343.094,67;6.101.633,79;6.101.172,27
"ENCARGOS ESPECIAIS";"FUNDACAO CLOVIS SALGADO";"OUTROS ENCARGOS ESPECIAIS";396.172,83;396.172,83;376.783,53
"ENCARGOS ESPECIAIS";"INSTITUTO DE DESENVOLVIMENTO DO NORTE E NORDESTE DE MINAS GERAIS";"OUTROS ENCARGOS ESPECIAIS";3.753,03;3.753,03;3.753,03
URBANISMO;"FUNDO DE DESENVOLVIMENTO METROPOLITANO";"ORDENAMENTO TERRITORIAL";146.290,06;146.290,06;142.632,84
"COMERCIO E SERVICOS";"INSTITUTO DE METROLOGIA E QUALIDADE DO ESTADO DE MINAS GERAIS";"NORMATIZACAO E FISCALIZACAO";17.115.943,50;16.495.942,64;16.288.938,41
"PREVIDENCIA SOCIAL";"TRIBUNAL DE CONTAS DO ESTADO DE MINAS GERAIS";"PREVIDENCIA DO REGIME ESTATUTARIO";282.397.631,02;282.397.631,02;282.472.032,69
"COMERCIO E SERVICOS";"JUNTA COMERCIAL DO ESTADO DE MINAS GERAIS";"ADMINISTRACAO GERAL";556.241,01;548.869,16;548.869,16
"ENCARGOS ESPECIAIS";"EGE SEC.FAZENDA-ENCARGOS DIVERSOS";"OUTRAS TRANSFERENCIAS";19.736.188.869,45;19.710.639.362,78;19.710.639.362,78
SAUDE;"FUNDO ESTADUAL DE SAUDE";"ATENCAO BASICA";1.293.433.117,62;1.289.957.453,02;1.289.194.212,67
"GESTAO AMBIENTAL";"INSTITUTO MINEIRO DE GESTAO DAS AGUAS";"RECURSOS HIDRICOS";57.566.782,61;56.200.276,87;46.152.654,83
"SEGURANCA PUBLICA";"FUNDO PENITENCIARIO ESTADUAL";"CUSTODIA E REINTEGRACAO SOCIAL";7.378.001,86;1.895.847,06;1.894.272,56
"ESSENCIAL A JUSTICA";"PROCURADORIA GERAL DE JUSTICA";"DEFESA DO INTERESSE PUBLICO NO PROCESSO JUDICIARIO";889.584.702,00;874.878.691,17;874.728.036,58
EDUCACAO;"SECRETARIA DE ESTADO DE EDUCACAO";"EDUCACAO ESPECIAL";895.719.272,93;895.114.372,93;894.817.453,93
TRABALHO;"SECRETARIA DE ESTADO DE DESENVOLVIMENTO SOCIAL";"ENSINO PROFISSIONAL";1.966.457,93;1.770.643,70;1.514.919,70
"GESTAO AMBIENTAL";"FUNDO DE RECUPERACAO, PROTECAO E DESENVOLVIMENTO SUSTENTAVEL DAS BACIAS HIDROGRAFICAS DO ESTADO DE M";"PRESERVACAO E CONSERVACAO AMBIENTAL";2.790,93;2.790,93;2.790,93
"SEGURANCA PUBLICA";"GABINETE MILITAR DO GOVERNADOR DO ESTADO DE MINAS GERAIS";"TRANSPORTE RODOVIARIO";820.008,99;802.760,41;793.313,66
"COMERCIO E SERVICOS";"SECRETARIA DE ESTADO DE GOVERNO";COMERCIALIZACAO;36.663,00;33.330,00;33.330,00
AGRICULTURA;"EMPRESA DE ASSISTENCIA TECNICA E EXTENSAO RURAL DO ESTADO DE MINAS GERAIS";"PROMOCAO DA PRODUCAO AGROPECUARIA";3.115.246,58;3.115.246,58;3.115.246,58
EDUCACAO;"SECRETARIA DE ESTADO DE JUSTICA E SEGURANCA PUBLICA";"ASSISTENCIA A CRIANCA E AO ADOLESCENTE";282.262.552,83;278.219.529,41;276.779.854,66
"ENCARGOS ESPECIAIS";"INSTITUTO ESTADUAL DO PATRIMONIO HISTORICO E ARTISTICO DE MINAS GERAIS";"OUTROS ENCARGOS ESPECIAIS";3.556.217,94;3.556.217,94;2.795.111,33
"SEGURANCA PUBLICA";"POLICIA MILITAR DO ESTADO DE MINAS GERAIS";"PREVIDENCIA DO REGIME ESTATUTARIO";6.384.091.914,27;6.384.091.914,27;6.384.091.914,27
SAUDE;"FUNDO DE APOIO HABITACIONAL DA ASSEMBLEIA LEGISLATIVA DE MINAS GERAIS";"ASSISTENCIA HOSPITALAR E AMBULATORIAL";16.498.843,34;16.498.843,34;16.350.353,75
"SEGURANCA PUBLICA";"POLICIA CIVIL DO ESTADO DE MINAS GERAIS";"ASSISTENCIA HOSPITALAR E AMBULATORIAL";16.984.019,55;16.779.774,97;16.711.132,01
ADMINISTRACAO;"GABINETE MILITAR DO GOVERNADOR DO ESTADO DE MINAS GERAIS";"ADMINISTRACAO GERAL";7.800.312,47;7.645.774,69;7.139.180,78
ADMINISTRACAO;"INSTITUTO ESTADUAL DE FLORESTAS";"ADMINISTRACAO GERAL";83.297.498,38;82.576.612,80;81.352.585,32
SAUDE;"ESCOLA DE SAUDE PUBLICA DO ESTADO DE MINAS GERAIS";"ADMINISTRACAO GERAL";1.798.471,22;1.749.172,99;1.748.605,63
"SEGURANCA PUBLICA";"CORPO DE BOMBEIROS MILITAR DO ESTADO DE MINAS GERAIS";"ADMINISTRACAO GERAL";1.384.416,58;1.384.416,58;1.384.416,58
INDUSTRIA;"SECRETARIA DE ESTADO DE DESENVOLVIMENTO ECONOMICO";MINERACAO;2.088.641,57;2.064.012,44;2.060.132,73
"SEGURANCA PUBLICA";"SECRETARIA DE ESTADO DE JUSTICA E SEGURANCA PUBLICA";"CUSTODIA E REINTEGRACAO SOCIAL";2.430.396.476,14;2.338.666.832,29;2.325.058.804,00
"ESSENCIAL A JUSTICA";"DEFENSORIA PUBLICA DO ESTADO DE MINAS GERAIS";"FORMACAO DE RECURSOS HUMANOS";344.948,04;267.934,04;265.909,07
EDUCACAO;"SECRETARIA DE ESTADO DE EDUCACAO";"ALIMENTACAO E NUTRICAO";497.600.065,74;497.471.824,90;497.559.434,38
"SEGURANCA PUBLICA";"SECRETARIA DE ESTADO DE JUSTICA E SEGURANCA PUBLICA";"ENSINO PROFISSIONAL";5.128.611,19;5.004.962,45;4.891.387,35
"DIREITOS DA CIDADANIA";"FUNDO ESTADUAL DOS DIREITOS DO IDOSO";"ASSISTENCIA AO IDOSO";679.359,16;599.359,16;519.359,16
AGRICULTURA;"EMPRESA DE PESQUISA AGROPECUARIA DE MINAS GERAIS";"DESENVOLVIMENTO CIENTIFICO";12.144.391,39;12.144.391,39;12.144.391,39
SAUDE;"FUNDACAO EZEQUIEL DIAS";"DESENVOLVIMENTO CIENTIFICO";19.757.705,70;16.528.523,62;15.997.225,98
SAUDE;"ESCOLA DE SAUDE PUBLICA DO ESTADO DE MINAS GERAIS";"DESENVOLVIMENTO CIENTIFICO";2.249.196,61;2.037.439,85;2.035.944,39
EDUCACAO;"FUNDACAO DE EDUCACAO PARA O TRABALHO DE MINAS GERAIS";EMPREGABILIDADE;6.114.144,54;4.437.211,41;4.185.316,04
AGRICULTURA;"INSTITUTO MINEIRO DE AGROPECUARIA";"VIGILANCIA SANITARIA";20.838.133,57;19.506.265,05;19.452.882,27
"ENCARGOS ESPECIAIS";"FUNDACAO EZEQUIEL DIAS";"OUTROS ENCARGOS ESPECIAIS";29.063.072,96;29.063.072,96;28.664.567,81
"ENCARGOS ESPECIAIS";"INSTITUTO MINEIRO DE AGROPECUARIA";"OUTROS ENCARGOS ESPECIAIS";1.998.865,25;1.998.865,25;1.843.987,00
"ENCARGOS ESPECIAIS";"INSTITUTO DE METROLOGIA E QUALIDADE DO ESTADO DE MINAS GERAIS";"OUTROS ENCARGOS ESPECIAIS";45.430,83;45.430,83;45.430,83
"GESTAO AMBIENTAL";"FUNDACAO ESTADUAL DO MEIO AMBIENTE";"CONTROLE AMBIENTAL";375.211,62;375.211,62;413.824,47
"SEGURANCA PUBLICA";"POLICIA CIVIL DO ESTADO DE MINAS GERAIS";"NORMATIZACAO E FISCALIZACAO";262.528.134,22;244.438.088,83;235.982.939,03
"PREVIDENCIA SOCIAL";"ASSEMBLEIA LEGISLATIVA DO ESTADO DE MINAS GERAIS";"PREVIDENCIA DO REGIME ESTATUTARIO";431.070.392,55;431.070.392,55;431.074.974,19
ADMINISTRACAO;"CONTROLADORIA-GERAL DO ESTADO";"CONTROLE INTERNO";40.805.361,69;40.637.818,05;40.625.898,41
SAUDE;"FUNDACAO EZEQUIEL DIAS";"DIFUSAO DO CONHECIMENTO CIENTIFICO E TECNOLOGICO";3.418.685,49;2.943.002,06;2.893.899,64
EDUCACAO;"FUNDACAO EDUCACIONAL CAIO MARTINS";"ADMINISTRACAO GERAL";1.872.518,66;1.786.868,79;1.757.177,13
AGRICULTURA;"EMPRESA DE ASSISTENCIA TECNICA E EXTENSAO RURAL DO ESTADO DE MINAS GERAIS";"EXTENSAO RURAL";292.284.682,04;292.284.682,04;292.284.682,04
TRANSPORTE;"SECRETARIA DE ESTADO DE INFRAESTRUTURA E MOBILIDADE";"TRANSPORTES COLETIVOS URBANOS";2.130.337,22;2.130.337,22;2.127.934,08
EDUCACAO;"FUNDACAO JOAO PINHEIRO";"ENSINO SUPERIOR";15.968.246,44;14.337.831,20;14.224.538,20
ADMINISTRACAO;"SECRETARIA DE ESTADO DE DESENVOLVIMENTO SOCIAL";"FORMACAO DE RECURSOS HUMANOS";9.474.834,05;9.331.238,73;9.257.903,63
ADMINISTRACAO;"SECRETARIA DE ESTADO DE FAZENDA";"ADMINISTRACAO DE RECEITAS";994.688.682,85;989.415.263,22;987.058.174,42
HABITACAO;"FUNDO DE APOIO HABITACIONAL AOS MILITARES DO ESTADO DE MINAS GERAIS";"HABITACAO URBANA";303.076,08;301.913,93;301.913,93
EDUCACAO;"POLICIA MILITAR DO ESTADO DE MINAS GERAIS";"ENSINO MEDIO";25.579.434,68;25.105.993,32;25.070.131,66
"ASSISTENCIA SOCIAL";"SECRETARIA DE ESTADO DE DESENVOLVIMENTO SOCIAL";"DIREITOS INDIVIDUAIS, COLETIVOS E DIFUSOS";5.906.382,98;5.819.404,06;5.534.209,50
SAUDE;"FUNDACAO EZEQUIEL DIAS";"SUPORTE PROFILATICO E TERAPEUTICO";388.072.311,83;321.663.876,51;205.050.928,25
EDUCACAO;"SECRETARIA DE ESTADO DE EDUCACAO";"ENSINO FUNDAMENTAL";7.560.583.774,85;7.127.578.785,42;6.627.460.431,81
AGRICULTURA;"INSTITUTO DE DESENVOLVIMENTO DO NORTE E NORDESTE DE MINAS GERAIS";"PROMOCAO DA PRODUCAO AGROPECUARIA";12.072.648,87;1.396.685,43;1.396.685,43
ADMINISTRACAO;"SECRETARIA DE ESTADO DE PLANEJAMENTO E GESTAO";"TECNOLOGIA DA INFORMACAO";18.515.753,32;14.969.139,31;14.320.126,12
EDUCACAO;"SECRETARIA DE ESTADO DE EDUCACAO";"EDUCACAO BASICA";1.245.132.908,28;1.152.122.486,58;1.034.899.440,29
SAUDE;"INSTITUTO DE PREVIDENCIA DOS SERVIDORES DO ESTADO DE MINAS GERAIS";"VIGILANCIA EPIDEMIOLOGICA";728.168,71;610.778,71;582.632,62
"DESPORTO E LAZER";"SECRETARIA DE ESTADO DE INFRAESTRUTURA E MOBILIDADE";"DESPORTO COMUNITARIO";2.091.968,42;1.998.174,32;1.912.849,89
"ENCARGOS ESPECIAIS";"INSTITUTO ESTADUAL DE FLORESTAS";"OUTROS ENCARGOS ESPECIAIS";4.381.374,60;4.381.374,60;4.252.656,61
URBANISMO;"AGENCIA DE DESENVOLVIMENTO DA REGIAO METROPOLITANA DE BELO HORIZONTE";"ORDENAMENTO TERRITORIAL";2.523.993,92;2.498.502,58;2.497.695,21
"COMERCIO E SERVICOS";"JUNTA COMERCIAL DO ESTADO DE MINAS GERAIS";"NORMATIZACAO E FISCALIZACAO";21.438.062,68;20.498.545,60;20.293.075,82
ADMINISTRACAO;"AGENCIA REGULADORA DE SERVICOS DE ABASTECIMENTO DE AGUA E DE ESGOTAMENTO SANITARIO DO ESTADO DE MINA";"ADMINISTRACAO GERAL";4.665.641,20;4.628.715,87;4.558.523,78
ADMINISTRACAO;"FUNDACAO CLOVIS SALGADO";"ADMINISTRACAO GERAL";11.382.769,47;10.746.763,52;10.015.532,05
ADMINISTRACAO;"SECRETARIA DE ESTADO DE DESENVOLVIMENTO SOCIAL";"ADMINISTRACAO GERAL";27.523.285,13;26.974.581,11;26.828.041,99
ADMINISTRACAO;"CONTROLADORIA-GERAL DO ESTADO";"ADMINISTRACAO GERAL";10.634.081,22;10.563.192,94;10.478.928,16
ADMINISTRACAO;"FUNDACAO JOAO PINHEIRO";"ADMINISTRACAO GERAL";12.557.310,71;11.957.135,40;11.686.185,88
SAUDE;"INSTITUTO DE PREVIDENCIA DOS SERVIDORES MILITARES DO ESTADO DE MINAS GERAIS";"ADMINISTRACAO GERAL";41.180.963,45;34.729.846,84;32.325.716,28
LEGISLATIVA;"FUNDO DO TRIBUNAL DE CONTAS DO ESTADO DE MINAS GERAIS";"ADMINISTRACAO GERAL";84.380,17;84.380,17;82.018,33
"SEGURANCA PUBLICA";"POLICIA MILITAR DO ESTADO DE MINAS GERAIS";POLICIAMENTO;4.431.016.970,14;4.181.255.754,14;4.154.635.739,07
CULTURA;"FUNDACAO DE ARTE DE OURO PRETO";"PATRIMONIO HISTORICO, ARTISTICO E ARQUEOLOGICO";64.490,61;64.490,61;64.490,61
INDUSTRIA;"FUNDO DE INVESTIMENTO DO ESTADO DE MINAS GERAIS";"PROMOCAO INDUSTRIAL";0,00;0,00;0,00
"SEGURANCA PUBLICA";"CORPO DE BOMBEIROS MILITAR DO ESTADO DE MINAS GERAIS";"FORMACAO DE RECURSOS HUMANOS";31.997.883,80;31.022.942,28;30.410.240,00
ADMINISTRACAO;"SECRETARIA DE ESTADO DE PLANEJAMENTO E GESTAO";"PLANEJAMENTO E ORCAMENTO";11.473.326,45;10.942.285,20;10.932.219,19
CULTURA;"FUNDACAO TV MINAS CULTURAL E EDUCATIVA";TELECOMUNICACOES;8.948.867,33;8.554.082,07;8.380.594,07
EDUCACAO;"FUNDACAO EDUCACIONAL CAIO MARTINS";"ENSINO MEDIO";423.411,30;370.111,30;370.111,30
TRANSPORTE;"PARTICIPACAO NO AUMENTO DO CAPITAL SOCIAL DE EMPRESAS";"TRANSPORTE FERROVIARIO";210.000,00;210.000,00;210.000,00
"CIENCIA E TECNOLOGIA";"EMPRESA DE PESQUISA AGROPECUARIA DE MINAS GERAIS";"DESENVOLVIMENTO CIENTIFICO";56.715.026,41;56.715.026,41;56.715.026,41
SAUDE;"FUNDO ESTADUAL DE SAUDE";"VIGILANCIA EPIDEMIOLOGICA";512.906.107,49;454.622.118,11;445.900.668,46
"ENCARGOS ESPECIAIS";"JUNTA COMERCIAL DO ESTADO DE MINAS GERAIS";"OUTROS ENCARGOS ESPECIAIS";5.344.015,12;3.307.633,28;3.286.263,04
"SEGURANCA PUBLICA";"POLICIA CIVIL DO ESTADO DE MINAS GERAIS";"CONTROLE INTERNO";27.584.892,87;27.333.468,82;27.285.616,78
ADMINISTRACAO;"INSTITUTO MINEIRO DE AGROPECUARIA";"ADMINISTRACAO GERAL";144.841.573,80;143.951.224,96;143.789.215,99
ADMINISTRACAO;"AGENCIA DE DESENVOLVIMENTO DA REGIAO METROPOLITANA DE BELO HORIZONTE";"ADMINISTRACAO GERAL";2.261.361,78;2.251.936,19;2.202.861,82
ADMINISTRACAO;"SECRETARIA DE ESTADO DE GOVERNO";"ADMINISTRACAO GERAL";1.018.401.467,96;992.923.056,73;989.581.936,03
ADMINISTRACAO;"ADVOCACIA GERAL DO ESTADO";"ADMINISTRACAO GERAL";39.555.306,54;39.330.999,41;39.008.121,72
EDUCACAO;"UNIVERSIDADE DO ESTADO DE MINAS GERAIS";"ADMINISTRACAO GERAL";106.776,63;84.114,91;85.890,72
"ASSISTENCIA SOCIAL";"INSTITUTO DE PREVIDENCIA DOS SERVIDORES DO ESTADO DE MINAS GERAIS";"ASSISTENCIA COMUNITARIA";1.000.000,00;754.166,08;754.166,08
AGRICULTURA;"SECRETARIA DE ESTADO DE AGRICULTURA, PECUARIA E ABASTECIMENTO - SEAPA";"RECURSOS HIDRICOS";5.681.738,13;5.597.776,58;5.108.170,75
"SEGURANCA PUBLICA";"POLICIA CIVIL DO ESTADO DE MINAS GERAIS";"CUSTODIA E REINTEGRACAO SOCIAL";2.820.281,64;2.581.996,02;2.509.059,94
"COMERCIO E SERVICOS";"SECRETARIA DE ESTADO DE DESENVOLVIMENTO ECONOMICO";"ENERGIA ELETRICA";523.966,12;523.966,12;523.966,12
"DIREITOS DA CIDADANIA";"SECRETARIA DE ESTADO DE DESENVOLVIMENTO SOCIAL";"ALIMENTACAO E NUTRICAO";1.109.223,87;1.092.353,59;1.042.448,41
ADMINISTRACAO;"FUNDACAO JOAO PINHEIRO";"PLANEJAMENTO E ORCAMENTO";16.604.264,29;16.557.037,12;16.486.217,27
EDUCACAO;"UNIVERSIDADE ESTADUAL DE MONTES CLAROS";"ENSINO PROFISSIONAL";22.696.751,50;14.817.495,49;12.937.505,02
CULTURA;"FUNDACAO CLOVIS SALGADO";"ENSINO PROFISSIONAL";3.636.860,95;3.621.839,07;3.621.839,07
"DIREITOS DA CIDADANIA";"SECRETARIA DE ESTADO DE DESENVOLVIMENTO SOCIAL";"DIREITOS INDIVIDUAIS, COLETIVOS E DIFUSOS";30.262.283,62;29.549.674,26;27.668.411,30
AGRICULTURA;"SECRETARIA DE ESTADO DE AGRICULTURA, PECUARIA E ABASTECIMENTO - SEAPA";"PROMOCAO DA PRODUCAO AGROPECUARIA";24.557.725,30;22.634.800,13;22.438.794,50
"ENCARGOS ESPECIAIS";"FUNDACAO DE EDUCACAO PARA O TRABALHO DE MINAS GERAIS";"OUTROS ENCARGOS ESPECIAIS";15.227,03;15.227,03;15.227,03
"SEGURANCA PUBLICA";"CORPO DE BOMBEIROS MILITAR DO ESTADO DE MINAS GERAIS";"PREVIDENCIA DO REGIME ESTATUTARIO";478.435.448,84;478.435.448,84;478.435.448,84
ADMINISTRACAO;"JUNTA COMERCIAL DO ESTADO DE MINAS GERAIS";"ADMINISTRACAO GERAL";4.560.271,81;4.353.453,14;4.323.852,28
ADMINISTRACAO;"DEPARTAMENTO DE EDIFICACOES E ESTRADAS DE RODAGEM DO ESTADO DE MINAS GERAIS";"ADMINISTRACAO GERAL";89.452.434,54;84.052.347,96;82.893.886,66
"ASSISTENCIA SOCIAL";"FUNDO ESTADUAL DE ASSISTENCIA SOCIAL";"ASSISTENCIA COMUNITARIA";798.456.117,12;765.549.560,55;726.703.413,60
CULTURA;"FUNDACAO DE ARTE DE OURO PRETO";"DIFUSAO CULTURAL";1.829.681,46;1.820.139,08;1.793.773,74
CULTURA;"INSTITUTO ESTADUAL DO PATRIMONIO HISTORICO E ARTISTICO DE MINAS GERAIS";"PATRIMONIO HISTORICO, ARTISTICO E ARQUEOLOGICO";12.115.937,12;10.593.811,79;10.544.866,74
LEGISLATIVA;"TRIBUNAL DE CONTAS DO ESTADO DE MINAS GERAIS";"CONTROLE EXTERNO";527.468.317,00;525.086.178,75;524.217.303,61
EDUCACAO;"SECRETARIA DE ESTADO DE EDUCACAO";"TRANSPORTE RODOVIARIO";361.539.448,54;342.043.976,88;340.621.029,05
EDUCACAO;"SECRETARIA DE ESTADO DE EDUCACAO";"EDUCACAO INFANTIL";5.554.871,21;5.554.871,21;5.554.871,21
EDUCACAO;"SECRETARIA DE ESTADO DE EDUCACAO";"EDUCACAO DE JOVENS E ADULTOS";83.850.951,92;83.845.868,79;83.842.859,39
"DESPORTO E LAZER";"SECRETARIA DE ESTADO DE DESENVOLVIMENTO SOCIAL";"EDUCACAO DE JOVENS E ADULTOS";1.965.319,57;453.796,98;453.796,98
URBANISMO;"SECRETARIA DE ESTADO DE INFRAESTRUTURA E MOBILIDADE";"INFRA-ESTRUTURA URBANA";174.446.178,59;88.649.768,72;76.180.960,33
ADMINISTRACAO;"OUVIDORIA-GERAL DO ESTADO DE MINAS GERAIS";"TECNOLOGIA DA INFORMACAO";32.500,00;32.500,00;32.500,00
SAUDE;"INSTITUTO DE PREVIDENCIA DOS SERVIDORES MILITARES DO ESTADO DE MINAS GERAIS";"ASSISTENCIA HOSPITALAR E AMBULATORIAL";747.118.133,15;681.796.280,46;669.259.540,25
JUDICIARIA;"FUNDO ESPECIAL DO PODER JUDICIARIO DO ESTADO DE MINAS GERAIS";"ACAO JUDICIARIA";1.321.476.953,11;985.087.567,33;911.759.423,12
"CIENCIA E TECNOLOGIA";"SECRETARIA DE ESTADO DE DESENVOLVIMENTO ECONOMICO";"DIFUSAO DO CONHECIMENTO CIENTIFICO E TECNOLOGICO";16.920.505,19;16.680.862,73;16.678.979,19
ADMINISTRACAO;"INSTITUTO DE DESENVOLVIMENTO DO NORTE E NORDESTE DE MINAS GERAIS";"ADMINISTRACAO GERAL";10.600.598,61;9.905.257,91;9.673.044,13
ADMINISTRACAO;"FUNDACAO TV MINAS CULTURAL E EDUCATIVA";"ADMINISTRACAO GERAL";11.779.225,87;11.237.441,32;10.955.353,35
SAUDE;"FUNDO ESTADUAL DE SAUDE";"ADMINISTRACAO GERAL";512.620.156,92;486.345.092,33;468.416.269,85
"SEGURANCA PUBLICA";"SECRETARIA DE ESTADO DE JUSTICA E SEGURANCA PUBLICA";"ADMINISTRACAO GERAL";88.335.951,91;86.891.518,62;85.782.557,64
AGRICULTURA;"SECRETARIA DE ESTADO DE AGRICULTURA, PECUARIA E ABASTECIMENTO - SEAPA";"EXTENSAO RURAL";329.987,12;329.987,12;329.987,12
"ORGANIZACAO AGRARIA";"SECRETARIA DE ESTADO DE AGRICULTURA, PECUARIA E ABASTECIMENTO - SEAPA";ABASTECIMENTO;5.954.374,41;3.538.483,19;3.473.309,93
"ENCARGOS ESPECIAIS";"GESTAO DA DIVIDA PUBLICA ESTADUAL";"SERVICO DA DIVIDA INTERNA";8.989.679.571,92;8.989.679.571,92;32.896.968,07
HABITACAO;"FUNDO DE APOIO HABITACIONAL DA ASSEMBLEIA LEGISLATIVA DE MINAS GERAIS";"HABITACAO URBANA";2.509.107,34;2.509.107,34;2.308.378,76
"GESTAO AMBIENTAL";"SECRETARIA DE ESTADO DE MEIO AMBIENTE E DESENVOLVIMENTO SUSTENTAVEL";"PRESERVACAO E CONSERVACAO AMBIENTAL";3.003.881,04;2.518.319,32;2.517.782,44
SANEAMENTO;"PARTICIPACAO NO AUMENTO DO CAPITAL SOCIAL DE EMPRESAS";"SANEAMENTO BASICO URBANO";2.050.000.000,00;0,00;0,00
EDUCACAO;"FUNDACAO HELENA ANTIPOFF";"EDUCACAO BASICA";9.563.304,58;5.746.889,41;5.725.842,03
"ENCARGOS ESPECIAIS";"FUNDACAO JOAO PINHEIRO";"OUTROS ENCARGOS ESPECIAIS";125.816,99;125.816,99;121.106,61
"ENCARGOS ESPECIAIS";"FUNDACAO DE ARTE DE OURO PRETO";"OUTROS ENCARGOS ESPECIAIS";17.675,15;0,00;0,00
"ENCARGOS ESPECIAIS";"DEPARTAMENTO DE EDIFICACOES E ESTRADAS DE RODAGEM DO ESTADO DE MINAS GERAIS";"OUTROS ENCARGOS ESPECIAIS";79.140.659,67;79.140.659,67;77.000.898,69
"PREVIDENCIA SOCIAL";"PROCURADORIA GERAL DE JUSTICA";"PREVIDENCIA DO REGIME ESTATUTARIO";528.486.819,04;528.486.819,04;528.497.790,11
SAUDE;"INSTITUTO DE PREVIDENCIA DOS SERVIDORES DO ESTADO DE MINAS GERAIS";"ASSISTENCIA HOSPITALAR E AMBULATORIAL";1.081.577.695,71;913.599.533,48;892.634.144,92
SAUDE;"FUNDO ESTADUAL DE SAUDE";"ACAO JUDICIARIA";627.657.609,69;528.935.958,39;504.632.345,89
"CIENCIA E TECNOLOGIA";"FUNDACAO DE AMPARO A PESQUISA DO ESTADO DE MINAS GERAIS";"DIFUSAO DO CONHECIMENTO CIENTIFICO E TECNOLOGICO";12.967.736,20;948.768,20;925.929,04
ADMINISTRACAO;"INSTITUTO ESTADUAL DO PATRIMONIO HISTORICO E ARTISTICO DE MINAS GERAIS";"ADMINISTRACAO GERAL";5.619.744,12;5.320.967,06;5.041.503,27
ADMINISTRACAO;"SECRETARIA DE ESTADO DE AGRICULTURA, PECUARIA E ABASTECIMENTO - SEAPA";"ADMINISTRACAO GERAL";17.758.629,15;17.188.134,24;16.724.188,71
SAUDE;"FUNDACAO EZEQUIEL DIAS";"ADMINISTRACAO GERAL";38.084.001,49;35.304.205,96;34.272.155,65
"CIENCIA E TECNOLOGIA";"FUNDACAO DE AMPARO A PESQUISA DO ESTADO DE MINAS GERAIS";"ADMINISTRACAO GERAL";15.607.257,54;13.958.950,08;13.161.798,85
AGRICULTURA;"INSTITUTO MINEIRO DE AGROPECUARIA";"DEFESA AGROPECUARIA";37.252.026,02;31.427.381,65;31.402.476,18
TRABALHO;"SECRETARIA DE ESTADO DE DESENVOLVIMENTO SOCIAL";"FOMENTO AO TRABALHO";12.567.387,75;7.669.031,19;7.530.673,78
"SEGURANCA PUBLICA";"SECRETARIA DE ESTADO DE JUSTICA E SEGURANCA PUBLICA";POLICIAMENTO;55.412.409,31;52.443.294,06;46.908.322,61
CULTURA;"INSTITUTO ESTADUAL DO PATRIMONIO HISTORICO E ARTISTICO DE MINAS GERAIS";"DIFUSAO CULTURAL";306.965,51;301.805,86;301.798,33
"GESTAO AMBIENTAL";"FUNDO DE RECUPERACAO, PROTECAO E DESENVOLVIMENTO SUSTENTAVEL DAS BACIAS HIDROGRAFICAS DO ESTADO DE M";"RECURSOS HIDRICOS";2.438.634,96;2.277.969,07;2.098.052,59
SAUDE;"SECRETARIA DE ESTADO DE JUSTICA E SEGURANCA PUBLICA";"CUSTODIA E REINTEGRACAO SOCIAL";120.879.712,78;114.505.017,11;114.474.981,25
EDUCACAO;"FUNDACAO HELENA ANTIPOFF";"ENSINO MEDIO";4.131.280,78;3.810.831,52;3.799.145,86
EDUCACAO;"POLICIA MILITAR DO ESTADO DE MINAS GERAIS";"ENSINO FUNDAMENTAL";52.976.025,03;52.810.903,85;52.373.645,14
ADMINISTRACAO;"SECRETARIA DE ESTADO DE FAZENDA";"TECNOLOGIA DA INFORMACAO";138.146.606,89;70.866.046,65;60.478.370,87
ADMINISTRACAO;"EGE SEC.FAZENDA-ENCARGOS DIVERSOS";"ADMINISTRACAO FINANCEIRA";516.419.557,00;353.969.692,70;348.906.671,51
ADMINISTRACAO;"PARTICIPACAO NO AUMENTO DO CAPITAL SOCIAL DE EMPRESAS";"ADMINISTRACAO FINANCEIRA";63.881.574,01;22.741.090,96;22.741.090,96
"ENCARGOS ESPECIAIS";"EGE SEC.FAZENDA-ENCARGOS DIVERSOS";"OUTROS ENCARGOS ESPECIAIS";10.353.092.142,06;10.296.664.866,68;10.296.664.866,68
"ENCARGOS ESPECIAIS";"FUNDACAO HOSPITALAR DO ESTADO DE MINAS GERAIS";"OUTROS ENCARGOS ESPECIAIS";220.898.212,18;220.894.518,04;218.982.702,85
"ENCARGOS ESPECIAIS";"UNIVERSIDADE ESTADUAL DE MONTES CLAROS";"OUTROS ENCARGOS ESPECIAIS";2.747.913,91;2.747.913,91;2.717.301,93
"ENCARGOS ESPECIAIS";"LOTERIA DO ESTADO DE MINAS GERAIS";"OUTROS ENCARGOS ESPECIAIS";1.685.951,01;1.673.951,01;1.673.951,01
"PREVIDENCIA SOCIAL";"INSTITUTO DE PREVIDENCIA DOS SERVIDORES MILITARES DO ESTADO DE MINAS GERAIS";"PREVIDENCIA DO REGIME ESTATUTARIO";1.719.667.140,71;1.675.094.262,54;1.098.372.519,21
EDUCACAO;"UNIVERSIDADE ESTADUAL DE MONTES CLAROS";"ASSISTENCIA HOSPITALAR E AMBULATORIAL";162.856.891,53;122.358.156,32;117.629.567,92
JUDICIARIA;"TRIBUNAL DE JUSTICA MILITAR DO ESTADO DE MINAS GERAIS";"ADMINISTRACAO GERAL";39.941.000,00;39.941.000,00;39.943.662,69
ADMINISTRACAO;"SECRETARIA DE ESTADO DE DESENVOLVIMENTO ECONOMICO";"ADMINISTRACAO GERAL";23.583.600,55;19.519.724,34;19.367.511,83
ADMINISTRACAO;"OUVIDORIA-GERAL DO ESTADO DE MINAS GERAIS";"ADMINISTRACAO GERAL";4.431.390,29;4.431.390,29;4.431.390,29
SAUDE;"INSTITUTO DE PREVIDENCIA DOS SERVIDORES DO ESTADO DE MINAS GERAIS";"ADMINISTRACAO GERAL";110.710.028,96;102.916.058,95;100.434.882,10
CULTURA;"SECRETARIA DE ESTADO DE CULTURA E TURISMO";"PATRIMONIO HISTORICO, ARTISTICO E ARQUEOLOGICO";1.809.689,21;1.783.756,08;1.783.756,08
LEGISLATIVA;"TRIBUNAL DE CONTAS DO ESTADO DE MINAS GERAIS";"FORMACAO DE RECURSOS HUMANOS";1.262.399,80;1.050.783,89;995.922,39
AGRICULTURA;"EMPRESA DE PESQUISA AGROPECUARIA DE MINAS GERAIS";"ENSINO PROFISSIONAL";4.991.287,25;4.991.287,25;4.991.287,25
"COMERCIO E SERVICOS";"SECRETARIA DE ESTADO DE CULTURA E TURISMO";TURISMO;9.913.686,18;6.296.892,89;5.710.671,22
"CIENCIA E TECNOLOGIA";"FUNDACAO DE AMPARO A PESQUISA DO ESTADO DE MINAS GERAIS";"DESENVOLVIMENTO CIENTIFICO";92.473.931,20;91.669.923,17;89.104.849,88
ADMINISTRACAO;"SECRETARIA DE ESTADO DE FAZENDA";"ADMINISTRACAO FINANCEIRA";117.370.265,51;102.715.331,54;99.288.910,76
"ENCARGOS ESPECIAIS";"GESTAO DA DIVIDA PUBLICA ESTADUAL";"OUTROS ENCARGOS ESPECIAIS";301.477.238,73;301.477.238,73;246.644.184,57
SAUDE;"FUNDACAO CENTRO DE HEMATOLOGIA E HEMOTERAPIA DE MINAS GERAIS";"ASSISTENCIA HOSPITALAR E AMBULATORIAL";270.988.313,19;238.465.223,73;234.542.768,30
LEGISLATIVA;"ASSEMBLEIA LEGISLATIVA DO ESTADO DE MINAS GERAIS";"ACAO LEGISLATIVA";1.120.890.745,14;1.043.478.940,18;1.037.373.978,61
"ENCARGOS ESPECIAIS";"GESTAO DA DIVIDA PUBLICA ESTADUAL";"SERVICO DA DIVIDA EXTERNA";1.364.666.929,34;1.364.666.929,34;0,00
ADMINISTRACAO;"FUNDACAO DE EDUCACAO PARA O TRABALHO DE MINAS GERAIS";"ADMINISTRACAO GERAL";2.868.957,87;2.830.722,70;2.719.570,93
SAUDE;"FUNDACAO HOSPITALAR DO ESTADO DE MINAS GERAIS";"ADMINISTRACAO GERAL";113.185.620,01;108.348.682,74;105.489.723,16
ADMINISTRACAO;"SECRETARIA DE ESTADO DE INFRAESTRUTURA E MOBILIDADE";"ADMINISTRACAO DE CONCESSOES";22.037.030,21;5.539.329,87;5.392.412,56
HABITACAO;"SECRETARIA DE ESTADO DE DESENVOLVIMENTO SOCIAL";"ASSISTENCIA COMUNITARIA";500.000,00;500.000,00;0,00
"SEGURANCA PUBLICA";"CORPO DE BOMBEIROS MILITAR DO ESTADO DE MINAS GERAIS";"DEFESA CIVIL";746.432.757,95;699.002.436,97;695.512.349,70
"ESSENCIAL A JUSTICA";"DEFENSORIA PUBLICA DO ESTADO DE MINAS GERAIS";"REPRESENTACAO JUDICIAL E EXTRAJUDICIAL";464.889.713,42;452.832.767,52;449.189.992,88
EDUCACAO;"SECRETARIA DE ESTADO DE EDUCACAO";"ENSINO MEDIO";3.224.638.192,47;2.767.875.657,64;2.748.765.065,36
SANEAMENTO;"INSTITUTO DE DESENVOLVIMENTO DO NORTE E NORDESTE DE MINAS GERAIS";"SANEAMENTO BASICO RURAL";5.969.880,15;3.600.768,14;3.263.754,02
ADMINISTRACAO;SECRETARIA-GERAL;"COMUNICACAO SOCIAL";79.705.377,93;51.046.201,25;50.033.254,94
"SEGURANCA PUBLICA";"FUNDO ESTADUAL DE SEGURANCA PUBLICA DE MINAS GERAIS";"ADMINISTRACAO FINANCEIRA";10.279.535,11;1.942.629,75;1.434.206,83
TRANSPORTE;"SECRETARIA DE ESTADO DE INFRAESTRUTURA E MOBILIDADE";"TRANSPORTE AEREO";15.407.920,04;14.174.333,45;14.174.333,45
"ENCARGOS ESPECIAIS";"INSTITUTO MINEIRO DE GESTAO DAS AGUAS";"OUTROS ENCARGOS ESPECIAIS";35.532,70;35.532,70;30.313,76
"ENCARGOS ESPECIAIS";"ADVOCACIA GERAL DO ESTADO";"OUTROS ENCARGOS ESPECIAIS";177.343.695,93;177.047.749,71;148.494.540,33
"GESTAO AMBIENTAL";"INSTITUTO MINEIRO DE GESTAO DAS AGUAS";"CONTROLE AMBIENTAL";54.316,95;54.316,95;53.295,26
"ESSENCIAL A JUSTICA";"FUNDO ESTADUAL DE PROTECAO E DEFESA DO CONSUMIDOR";"ACAO JUDICIARIA";9.997.634,87;6.867.276,92;6.691.564,31
ADMINISTRACAO;"EMPRESA DE ASSISTENCIA TECNICA E EXTENSAO RURAL DO ESTADO DE MINAS GERAIS";"ADMINISTRACAO GERAL";900.100,22;900.100,22;900.100,22
ADMINISTRACAO;"FUNDACAO DE ARTE DE OURO PRETO";"ADMINISTRACAO GERAL";1.295.622,31;1.289.639,59;1.238.354,95
HABITACAO;"FUNDO ESTADUAL DE HABITACAO";"ADMINISTRACAO GERAL";17.438.203,38;16.786.582,55;16.786.582,55
"PREVIDENCIA SOCIAL";"INSTITUTO DE PREVIDENCIA DOS SERVIDORES MILITARES DO ESTADO DE MINAS GERAIS";"ADMINISTRACAO GERAL";24.547.437,99;18.308.456,66;18.239.900,17
TRABALHO;"FUNDACAO EDUCACIONAL CAIO MARTINS";"FOMENTO AO TRABALHO";790.775,48;581.609,02;567.565,58
"SEGURANCA PUBLICA";"POLICIA CIVIL DO ESTADO DE MINAS GERAIS";POLICIAMENTO;2.061.063.763,71;2.019.500.753,87;2.007.839.635,06
SAUDE;"SECRETARIA DE ESTADO DE JUSTICA E SEGURANCA PUBLICA";"ATENCAO BASICA";15.429.548,62;15.242.262,52;15.242.262,52
CULTURA;"FUNDACAO CLOVIS SALGADO";"DIFUSAO CULTURAL";22.380.010,73;22.329.214,28;22.323.244,79
EDUCACAO;"UNIVERSIDADE DO ESTADO DE MINAS GERAIS";"ENSINO SUPERIOR";325.617.894,33;301.021.096,72;297.954.979,68
SAUDE;"ESCOLA DE SAUDE PUBLICA DO ESTADO DE MINAS GERAIS";"FORMACAO DE RECURSOS HUMANOS";10.985.451,86;10.130.618,05;9.949.478,41
SAUDE;"FUNDO ESTADUAL DE SAUDE";"ASSISTENCIA AO PORTADOR DE DEFICIENCIA";237.977.227,51;49.363.131,28;48.815.426,16
"PREVIDENCIA SOCIAL";"INSTITUTO DE PREVIDENCIA DO LEGISLATIVO DO ESTADO DE MINAS GERAIS";"PREVIDENCIA ESPECIAL";47.624.637,66;47.624.637,66;47.624.637,66
"CIENCIA E TECNOLOGIA";"FUNDACAO DE AMPARO A PESQUISA DO ESTADO DE MINAS GERAIS";"DESENVOLVIMENTO TECNOLOGICO E ENGENHARIA";5.473.600,00;5.473.600,00;5.473.600,00
SAUDE;"FUNDO ESTADUAL DE SAUDE";"DIREITOS INDIVIDUAIS, COLETIVOS E DIFUSOS";7.283.219,73;7.283.219,73;7.283.219,73
TRANSPORTE;"FUNDO ESTADUAL DE DESENVOLVIMENTO DE TRANSPORTES";"TRANSPORTE RODOVIARIO";34.016.067,74;30.873.192,50;30.369.684,49
TRANSPORTE;"DEPARTAMENTO DE EDIFICACOES E ESTRADAS DE RODAGEM DO ESTADO DE MINAS GERAIS";"TRANSPORTE RODOVIARIO";1.140.973.989,55;505.716.756,59;500.556.031,22
SANEAMENTO;"SECRETARIA DE ESTADO DE DESENVOLVIMENTO ECONOMICO";"SANEAMENTO BASICO RURAL";5.655.880,33;0,00;0,00
TRANSPORTE;"SECRETARIA DE ESTADO DE INFRAESTRUTURA E MOBILIDADE";"TRANSPORTE FERROVIARIO";2.466.350,37;1.975.600,37;1.294.320,50
SAUDE;"FUNDO ESTADUAL DE SAUDE";"DESENVOLVIMENTO CIENTIFICO";0,00;0,00;0,00
"ENCARGOS ESPECIAIS";"EMPRESA DE PESQUISA AGROPECUARIA DE MINAS GERAIS";"OUTROS ENCARGOS ESPECIAIS";494.353,85;494.353,85;494.353,85
"GESTAO AMBIENTAL";"INSTITUTO ESTADUAL DE FLORESTAS";"CONTROLE AMBIENTAL";9.233.500,38;9.104.811,05;9.103.741,09
SAUDE;"FUNDACAO HOSPITALAR DO ESTADO DE MINAS GERAIS";"ASSISTENCIA HOSPITALAR E AMBULATORIAL";1.650.424.245,72;1.598.594.003,70;1.584.207.814,95
CULTURA;"FUNDACAO JOAO PINHEIRO";"DIFUSAO DO CONHECIMENTO CIENTIFICO E TECNOLOGICO";1.627.811,16;1.594.070,60;1.592.474,50
"COMERCIO E SERVICOS";"INSTITUTO DE METROLOGIA E QUALIDADE DO ESTADO DE MINAS GERAIS";"NORMALIZACAO E QUALIDADE";790.109,87;745.871,59;752.616,59
ADMINISTRACAO;"SECRETARIA DE ESTADO DE PLANEJAMENTO E GESTAO";"ADMINISTRACAO GERAL";324.478.702,99;235.910.196,32;222.433.508,93
ADMINISTRACAO;"INSTITUTO MINEIRO DE GESTAO DAS AGUAS";"ADMINISTRACAO GERAL";11.550.617,27;11.177.320,54;11.111.682,54
HABITACAO;"SECRETARIA DE ESTADO DE DESENVOLVIMENTO SOCIAL";"ADMINISTRACAO GERAL";197.874,17;197.874,17;197.957,97
"SEGURANCA PUBLICA";"POLICIA CIVIL DO ESTADO DE MINAS GERAIS";"ADMINISTRACAO GERAL";204.368.845,64;203.572.113,02;203.390.559,93
"SEGURANCA PUBLICA";"POLICIA CIVIL DO ESTADO DE MINAS GERAIS";"FORMACAO DE RECURSOS HUMANOS";56.466.717,95;47.573.147,76;47.501.962,34
"ESSENCIAL A JUSTICA";"ADVOCACIA GERAL DO ESTADO";"REPRESENTACAO JUDICIAL E EXTRAJUDICIAL";307.035.350,82;299.319.004,72;298.596.776,19
"SEGURANCA PUBLICA";"SECRETARIA DE ESTADO DE JUSTICA E SEGURANCA PUBLICA";"PROTECAO E BENEFICIOS AO TRABALHADOR";380.514,15;380.002,28;380.002,28
SANEAMENTO;"SECRETARIA DE ESTADO DE MEIO AMBIENTE E DESENVOLVIMENTO SUSTENTAVEL";"SANEAMENTO BASICO URBANO";15.435.912,47;14.397.714,09;10.481.280,74
"ENCARGOS ESPECIAIS";"FUNDACAO DE AMPARO A PESQUISA DO ESTADO DE MINAS GERAIS";"OUTROS ENCARGOS ESPECIAIS";60.446,46;60.446,46;54.836,12
"ENCARGOS ESPECIAIS";"UNIVERSIDADE DO ESTADO DE MINAS GERAIS";"OUTROS ENCARGOS ESPECIAIS";5.629.922,67;5.626.422,67;4.751.134,57
"SEGURANCA PUBLICA";"SECRETARIA DE ESTADO DE JUSTICA E SEGURANCA PUBLICA";"INFORMACAO E INTELIGENCIA";12.285,00;285,00;285,00
"PREVIDENCIA SOCIAL";"TRIBUNAL DE JUSTICA DO ESTADO DE MINAS GERAIS";"PREVIDENCIA DO REGIME ESTATUTARIO";2.229.517.503,53;2.229.517.503,53;2.229.588.664,23
"PREVIDENCIA SOCIAL";"FUNDO FINANCEIRO DE PREVIDENCIA DO ESTADO DE MINAS GERAIS";"PREVIDENCIA DO REGIME ESTATUTARIO";13.815.244.528,85;13.815.124.010,18;13.815.124.010,18
JUDICIARIA;"TRIBUNAL DE JUSTICA MILITAR DO ESTADO DE MINAS GERAIS";"ACAO JUDICIARIA";11.125.530,85;7.980.450,02;7.626.701,04
JUDICIARIA;"TRIBUNAL DE JUSTICA DO ESTADO DE MINAS GERAIS";"ADMINISTRACAO GERAL";4.365.251.900,59;4.365.228.488,13;4.365.531.269,38
ADMINISTRACAO;"FUNDACAO ESTADUAL DO MEIO AMBIENTE";"ADMINISTRACAO GERAL";19.190.865,50;19.169.127,40;19.167.782,33
ADMINISTRACAO;SECRETARIA-GERAL;"ADMINISTRACAO GERAL";6.231.286,15;6.199.226,46;6.126.930,15
ADMINISTRACAO;"SECRETARIA DE ESTADO DE CULTURA E TURISMO";"ADMINISTRACAO GERAL";12.313.391,02;12.191.699,76;12.075.634,79
ADMINISTRACAO;"SECRETARIA DE ESTADO DE INFRAESTRUTURA E MOBILIDADE";"ADMINISTRACAO GERAL";8.505.417,92;8.298.711,12;8.201.655,95
EDUCACAO;"FUNDACAO HELENA ANTIPOFF";"ADMINISTRACAO GERAL";14.975.901,53;9.576.170,28;9.571.437,96
ADMINISTRACAO;"FUNDO DE PAGAMENTO DE PARCERIAS PUBLICO - PRIVADAS DE MINAS GERAIS";"ADMINISTRACAO DE CONCESSOES";294.065.993,38;252.103.046,47;244.038.711,39
"DESPORTO E LAZER";"SECRETARIA DE ESTADO DE DESENVOLVIMENTO SOCIAL";"DESPORTO DE RENDIMENTO";1.884.562,47;1.884.562,47;1.586.562,47
CULTURA;"EMPRESA MINEIRA DE COMUNICACAO";"DIFUSAO CULTURAL";7.389.979,36;7.389.979,36;7.389.979,36
"SEGURANCA PUBLICA";"GABINETE MILITAR DO GOVERNADOR DO ESTADO DE MINAS GERAIS";"DEFESA CIVIL";12.361.578,73;9.918.880,53;6.762.759,90
EDUCACAO;"FUNDACAO EDUCACIONAL CAIO MARTINS";"ENSINO PROFISSIONAL";4.345.601,84;2.852.102,83;2.850.102,87
HABITACAO;"PARTICIPACAO NO AUMENTO DO CAPITAL SOCIAL DE EMPRESAS";"HABITACAO URBANA";7.000.000,00;7.000.000,00;7.000.000,00
SAUDE;"SECRETARIA DE ESTADO DE DESENVOLVIMENTO SOCIAL";"DIREITOS INDIVIDUAIS, COLETIVOS E DIFUSOS";6.782.744,22;6.338.149,71;5.159.542,79
TRANSPORTE;"SECRETARIA DE ESTADO DE INFRAESTRUTURA E MOBILIDADE";"TRANSPORTE RODOVIARIO";627.502,19;625.382,14;625.382,14
EDUCACAO;"FUNDACAO HELENA ANTIPOFF";"ENSINO FUNDAMENTAL";8.313.035,44;7.146.654,00;7.091.141,10
SAUDE;"SECRETARIA DE ESTADO DE JUSTICA E SEGURANCA PUBLICA";"ASSISTENCIA A CRIANCA E AO ADOLESCENTE";21.817.523,54;21.718.024,68;21.716.921,49
