Funcao;Orgao;Subfuncao;"Valor Empenhado";"Valor Liquidado";"Valor Pago"
"DESPORTO E LAZER";"SECRETARIA DE ESTADO DE DESENVOLVIMENTO SOCIAL";"DESPORTO COMUNITARIO";18.015.759,37;15.591.662,61;14.568.057,43
"ENCARGOS ESPECIAIS";"FUNDACAO CENTRO DE HEMATOLOGIA E HEMOTERAPIA DE MINAS GERAIS";"OUTROS ENCARGOS ESPECIAIS";19.039.799,51;18.819.438,09;18.693.749,87
"ENCARGOS ESPECIAIS";"FUNDACAO EDUCACIONAL CAIO MARTINS";"OUTROS ENCARGOS ESPECIAIS";0,00;0,00;0,00
"SEGURANCA PUBLICA";"GABINETE MILITAR DO GOVERNADOR DO ESTADO DE MINAS GERAIS";"INFORMACAO E INTELIGENCIA";1.849.682,15;1.712.925,68;1.485.828,59
"GESTAO AMBIENTAL";"SECRETARIA DE ESTADO DE MEIO AMBIENTE E DESENVOLVIMENTO SUSTENTAVEL";"CONTROLE AMBIENTAL";67.763.590,10;66.952.571,23;65.795.506,97
SAUDE;"POLICIA MILITAR DO ESTADO DE MINAS GERAIS";"ASSISTENCIA HOSPITALAR E AMBULATORIAL";277.822.355,13;258.948.675,79;254.476.053,62
SAUDE;"CORPO DE BOMBEIROS MILITAR DO ESTADO DE MINAS GERAIS";"ASSISTENCIA HOSPITALAR E AMBULATORIAL";19.487.649,12;18.719.224,85;18.631.656,15
"ESSENCIAL A JUSTICA";"PROCURADORIA GERAL DE JUSTICA";"ADMINISTRACAO GERAL";1.001.817.835,11;928.211.517,51;915.746.723,83
"ESSENCIAL A JUSTICA";"FUNDO ESPECIAL DO MINISTERIO PUBLICO DO ESTADO DE MINAS GERAIS";"ADMINISTRACAO GERAL";30.541.643,57;27.539.480,52;27.498.106,55
ADMINISTRACAO;"EMPRESA DE PESQUISA AGROPECUARIA DE MINAS GERAIS";"ADMINISTRACAO GERAL";21.711.305,89;21.711.305,89;21.711.305,89
ADMINISTRACAO;"SECRETARIA DE ESTADO DE MEIO AMBIENTE E DESENVOLVIMENTO SUSTENTAVEL";"ADMINISTRACAO GERAL";46.589.418,72;45.786.592,33;43.685.452,64
ADMINISTRACAO;"FUNDACAO EDUCACIONAL CAIO MARTINS";"ADMINISTRACAO GERAL";1.838.706,80;1.825.502,95;1.772.221,28
ADMINISTRACAO;"SECRETARIA DE ESTADO DE FAZENDA";"ADMINISTRACAO GERAL";80.663.408,95;80.211.880,77;80.002.626,36
ADMINISTRACAO;"LOTERIA DO ESTADO DE MINAS GERAIS";"ADMINISTRACAO GERAL";1.067.043,64;1.054.077,98;1.049.701,99
ADMINISTRACAO;"AGENCIA DE DESENVOLVIMENTO DA REGIAO METROPOLITANA DO VALE DO ACO";"ADMINISTRACAO GERAL";724.335,67;724.335,67;724.335,67
ADMINISTRACAO;"EMPRESA MINEIRA DE COMUNICACAO";"ADMINISTRACAO GERAL";2.707.087,52;2.707.087,52;2.707.087,52
LEGISLATIVA;"INSTITUTO DE PREVIDENCIA DO LEGISLATIVO DO ESTADO DE MINAS GERAIS";"ADMINISTRACAO GERAL";4.026.685,52;4.026.685,52;4.026.685,52
"SEGURANCA PUBLICA";"POLICIA MILITAR DO ESTADO DE MINAS GERAIS";"ADMINISTRACAO GERAL";208.021.150,15;207.320.780,65;205.591.128,40
"ASSISTENCIA SOCIAL";"SECRETARIA DE ESTADO DE DESENVOLVIMENTO SOCIAL";"ASSISTENCIA COMUNITARIA";433.790.824,74;427.651.981,52;430.765.581,52
AGRICULTURA;"SECRETARIA DE ESTADO DE AGRICULTURA, PECUARIA E ABASTECIMENTO - SEAPA";ABASTECIMENTO;1.643.514,12;1.170.617,12;1.170.617,12
JUDICIARIA;"FUNDO ESPECIAL DO PODER JUDICIARIO DO ESTADO DE MINAS GERAIS";"FORMACAO DE RECURSOS HUMANOS";1.314.343,43;1.267.485,65;1.325.178,48
ADMINISTRACAO;"EGE-SECRETARIA DE ESTADO DE PLANEJAMENTO E GESTAO";"PREVIDENCIA ESPECIAL";193.181.032,76;193.181.032,76;193.181.032,76
"GESTAO AMBIENTAL";"FUNDACAO ESTADUAL DO MEIO AMBIENTE";"PRESERVACAO E CONSERVACAO AMBIENTAL";5.802.335,80;5.283.362,78;5.196.443,83
URBANISMO;"SECRETARIA DE ESTADO DE DESENVOLVIMENTO ECONOMICO";"SERVICOS URBANOS";458.918,56;457.918,56;457.918,56
"DIREITOS DA CIDADANIA";"OUVIDORIA-GERAL DO ESTADO DE MINAS GERAIS";"DIREITOS INDIVIDUAIS, COLETIVOS E DIFUSOS";7.711.267,94;7.698.144,39;7.636.354,77
SAUDE;"FUNDO ESTADUAL DE SAUDE";"SUPORTE PROFILATICO E TERAPEUTICO";1.180.156.812,64;1.127.096.387,08;1.119.676.114,16
"GESTAO AMBIENTAL";"INSTITUTO ESTADUAL DE FLORESTAS";"RECUPERACAO DE AREAS DEGRADADAS";7.753.737,86;7.688.899,29;7.241.115,91
SAUDE;"FUNDO ESTADUAL DE SAUDE";"VIGILANCIA SANITARIA";39.045.151,70;38.199.794,91;38.095.775,39
"SEGURANCA PUBLICA";"GABINETE MILITAR DO GOVERNADOR DO ESTADO DE MINAS GERAIS";"TRANSPORTE AEREO";10.324.672,72;6.572.671,05;5.556.902,45
"ENCARGOS ESPECIAIS";"ASSEMBLEIA LEGISLATIVA DO ESTADO DE MINAS GERAIS";"OUTROS ENCARGOS ESPECIAIS";13.378,67;13.378,67;13.378,67
"ENCARGOS ESPECIAIS";"INSTITUTO DE PREVIDENCIA DOS SERVIDORES DO ESTADO DE MINAS GERAIS";"OUTROS ENCARGOS ESPECIAIS";98.584.680,77;98.544.072,94;77.237.405,23
"ENCARGOS ESPECIAIS";"FUNDACAO TV MINAS CULTURAL E EDUCATIVA";"OUTROS ENCARGOS ESPECIAIS";2.284,31;2.284,31;148,57
"SEGURANCA PUBLICA";"POLICIA CIVIL DO ESTADO DE MINAS GERAIS";"INFORMACAO E INTELIGENCIA";20.430.043,40;18.649.294,19;18.478.165,14
URBANISMO;"SECRETARIA DE ESTADO DE DESENVOLVIMENTO ECONOMICO";"ORDENAMENTO TERRITORIAL";762.725,99;760.525,26;760.525,26
URBANISMO;"AGENCIA DE DESENVOLVIMENTO DA REGIAO METROPOLITANA DO VALE DO ACO";"ORDENAMENTO TERRITORIAL";909.297,99;824.830,18;805.489,02
"COMERCIO E SERVICOS";"SECRETARIA DE ESTADO DE DESENVOLVIMENTO ECONOMICO";"COMERCIO EXTERIOR";406.525,28;403.934,75;403.934,75
"PREVIDENCIA SOCIAL";"DEFENSORIA PUBLICA DO ESTADO DE MINAS GERAIS";"PREVIDENCIA DO REGIME ESTATUTARIO";107.049.561,23;107.049.561,23;107.174.828,38
SAUDE;"FUNDO ESTADUAL DE SAUDE";"ASSISTENCIA HOSPITALAR E AMBULATORIAL";4.011.120.963,92;3.868.899.805,82;3.656.983.155,36
AGRICULTURA;"EMPRESA DE PESQUISA AGROPECUARIA DE MINAS GERAIS";"DIFUSAO DO CONHECIMENTO CIENTIFICO E TECNOLOGICO";2.064.734,86;2.064.734,86;2.064.734,86
TRANSPORTE;"FUNDO ESTADUAL DE DESENVOLVIMENTO DE TRANSPORTES";"OUTRAS TRANSFERENCIAS";5.605.993,17;5.547.683,63;5.547.683,63
SAUDE;"CORPO DE BOMBEIROS MILITAR DO ESTADO DE MINAS GERAIS";"ATENCAO BASICA";20.864.323,33;12.287.093,72;11.868.503,14
CULTURA;"SECRETARIA DE ESTADO DE CULTURA E TURISMO";"DIFUSAO CULTURAL";182.069.246,34;94.966.277,88;55.192.869,12
SAUDE;"FUNDO ESTADUAL DE SAUDE";"FORMACAO DE RECURSOS HUMANOS";13.068.293,84;13.068.293,84;13.068.293,84
TRANSPORTE;"FUNDO ESTADUAL DE DESENVOLVIMENTO DE TRANSPORTES";"ADMINISTRACAO DE RECEITAS";10.296.697,97;8.442.791,88;8.347.032,87
"GESTAO AMBIENTAL";"INSTITUTO ESTADUAL DE FLORESTAS";"PRESERVACAO E CONSERVACAO AMBIENTAL";53.580.878,93;51.148.459,40;43.222.432,86
"SEGURANCA PUBLICA";"POLICIA CIVIL DO ESTADO DE MINAS GERAIS";"DIREITOS INDIVIDUAIS, COLETIVOS E DIFUSOS";26.452.768,79;24.392.763,01;24.216.869,92
"COMERCIO E SERVICOS";"LOTERIA DO ESTADO DE MINAS GERAIS";COMERCIALIZACAO;3.432.574,53;1.474.742,90;1.439.267,11
EDUCACAO;"POLICIA CIVIL DO ESTADO DE MINAS GERAIS";"EDUCACAO BASICA";4.614.284,06;4.432.548,11;4.381.019,25
"ENCARGOS ESPECIAIS";"FUNDACAO ESTADUAL DO MEIO AMBIENTE";"OUTROS ENCARGOS ESPECIAIS";10.252.439,50;10.252.439,50;9.966.037,25
"ENCARGOS ESPECIAIS";"INSTITUTO DE PREVIDENCIA DOS SERVIDORES MILITARES DO ESTADO DE MINAS GERAIS";"OUTROS ENCARGOS ESPECIAIS";20.241.962,90;20.035.234,91;12.363.214,56
SANEAMENTO;"AGENCIA REGULADORA DE SERVICOS DE ABASTECIMENTO DE AGUA E DE ESGOTAMENTO SANITARIO DO ESTADO DE MINA";"NORMATIZACAO E FISCALIZACAO";7.532.454,97;6.791.393,46;6.779.656,75
"PREVIDENCIA SOCIAL";"TRIBUNAL DE JUSTICA MILITAR DO ESTADO DE MINAS GERAIS";"PREVIDENCIA DO REGIME ESTATUTARIO";16.178.304,04;16.178.304,04;16.178.304,04
"PREVIDENCIA SOCIAL";"FUNDO DE ASSISTENCIA AO PECULIO DOS SERVIDORES DO ESTADO DE MINAS GERAIS";"PREVIDENCIA DO REGIME ESTATUTARIO";70.151.412,49;70.151.412,49;32.889.161,63
"COMERCIO E SERVICOS";"PARTICIPACAO NO AUMENTO DO CAPITAL SOCIAL DE EMPRESAS";"SERVICOS FINANCEIROS";105.746.032,50;105.737.907,80;105.737.907,80
ADMINISTRACAO;"INSTITUTO DE METROLOGIA E QUALIDADE DO ESTADO DE MINAS GERAIS";"ADMINISTRACAO GERAL";6.988.406,93;6.676.128,31;6.004.572,17
LEGISLATIVA;"TRIBUNAL DE CONTAS DO ESTADO DE MINAS GERAIS";"ADMINISTRACAO GERAL";45.247.394,82;37.541.751,24;32.369.462,53
CULTURA;"FUNDO ESTADUAL DE CULTURA";"DIFUSAO CULTURAL";3.239.517,71;2.743.097,13;2.314.282,11
EDUCACAO;"UNIVERSIDADE ESTADUAL DE MONTES CLAROS";"ENSINO SUPERIOR";164.382.392,02;162.414.885,28;158.941.677,75
SAUDE;"INSTITUTO DE PREVIDENCIA DOS SERVIDORES DO ESTADO DE MINAS GERAIS";"ENSINO PROFISSIONAL";9.123.592,80;9.024.542,80;9.024.542,80
EDUCACAO;"SECRETARIA DE ESTADO DE EDUCACAO";"ENSINO PROFISSIONAL";34.102.025,39;33.471.890,80;33.393.959,26
"RELACOES EXTERIORES";"SECRETARIA DE ESTADO DE DESENVOLVIMENTO ECONOMICO";"COOPERACAO INTERNACIONAL";438.119,71;436.399,02;436.399,02
"COMERCIO E SERVICOS";"SECRETARIA DE ESTADO DE DESENVOLVIMENTO ECONOMICO";"PROMOCAO COMERCIAL";2.872.143,61;2.854.193,15;2.847.659,32
ENERGIA;"SECRETARIA DE ESTADO DE DESENVOLVIMENTO ECONOMICO";BIOCOMBUSTIVEIS;524.890,94;524.890,94;524.890,94
"ENCARGOS ESPECIAIS";"FUNDACAO CLOVIS SALGADO";"OUTROS ENCARGOS ESPECIAIS";2.550.806,57;197.978,17;134.837,80
"ENCARGOS ESPECIAIS";"INSTITUTO DE DESENVOLVIMENTO DO NORTE E NORDESTE DE MINAS GERAIS";"OUTROS ENCARGOS ESPECIAIS";83.334,71;83.334,71;82.268,78
URBANISMO;"FUNDO DE DESENVOLVIMENTO METROPOLITANO";"ORDENAMENTO TERRITORIAL";181.355,72;132.348,53;129.039,82
"COMERCIO E SERVICOS";"INSTITUTO DE METROLOGIA E QUALIDADE DO ESTADO DE MINAS GERAIS";"NORMATIZACAO E FISCALIZACAO";12.929.573,08;12.316.545,20;12.018.766,63
"PREVIDENCIA SOCIAL";"TRIBUNAL DE CONTAS DO ESTADO DE MINAS GERAIS";"PREVIDENCIA DO REGIME ESTATUTARIO";269.613.434,05;269.613.434,05;269.613.434,05
ADMINISTRACAO;"UNIVERSIDADE ESTADUAL DE MONTES CLAROS";"ADMINISTRACAO GERAL";16.624.025,51;14.821.309,95;12.870.757,82
"COMERCIO E SERVICOS";"JUNTA COMERCIAL DO ESTADO DE MINAS GERAIS";"ADMINISTRACAO GERAL";509.277,15;509.277,15;509.277,15
"ENCARGOS ESPECIAIS";"EGE SEC.FAZENDA-ENCARGOS DIVERSOS";"OUTRAS TRANSFERENCIAS";16.245.275.479,38;16.220.376.649,98;15.992.749.180,38
SAUDE;"FUNDO ESTADUAL DE SAUDE";"ATENCAO BASICA";928.459.461,79;772.511.524,03;608.770.305,67
"GESTAO AMBIENTAL";"INSTITUTO MINEIRO DE GESTAO DAS AGUAS";"RECURSOS HIDRICOS";158.274.599,93;156.651.258,05;113.977.906,83
"SEGURANCA PUBLICA";"FUNDO PENITENCIARIO ESTADUAL";"CUSTODIA E REINTEGRACAO SOCIAL";4.941.927,86;247.500,00;247.500,00
"ESSENCIAL A JUSTICA";"PROCURADORIA GERAL DE JUSTICA";"DEFESA DO INTERESSE PUBLICO NO PROCESSO JUDICIARIO";771.552.502,92;731.528.093,91;731.423.602,77
EDUCACAO;"SECRETARIA DE ESTADO DE EDUCACAO";"EDUCACAO ESPECIAL";1.110.170.985,25;1.110.158.196,75;1.110.140.274,00
TRABALHO;"SECRETARIA DE ESTADO DE DESENVOLVIMENTO SOCIAL";"ENSINO PROFISSIONAL";1.196.585,76;1.193.810,58;1.185.200,43
"GESTAO AMBIENTAL";"FUNDO DE RECUPERACAO, PROTECAO E DESENVOLVIMENTO SUSTENTAVEL DAS BACIAS HIDROGRAFICAS DO ESTADO DE M";"PRESERVACAO E CONSERVACAO AMBIENTAL";8.871,69;8.871,69;8.871,69
"SEGURANCA PUBLICA";"GABINETE MILITAR DO GOVERNADOR DO ESTADO DE MINAS GERAIS";"TRANSPORTE RODOVIARIO";657.602,26;652.107,16;605.530,95
SAUDE;"FUNDO ESTADUAL DE SAUDE";"INFRA-ESTRUTURA URBANA";34.795,42;34.795,42;34.795,42
AGRICULTURA;"EMPRESA DE ASSISTENCIA TECNICA E EXTENSAO RURAL DO ESTADO DE MINAS GERAIS";"PROMOCAO DA PRODUCAO AGROPECUARIA";8.722.424,99;8.722.424,99;8.722.424,99
"ENCARGOS ESPECIAIS";"INSTITUTO ESTADUAL DO PATRIMONIO HISTORICO E ARTISTICO DE MINAS GERAIS";"OUTROS ENCARGOS ESPECIAIS";331.754,47;331.754,47;277.678,56
"SEGURANCA PUBLICA";"POLICIA MILITAR DO ESTADO DE MINAS GERAIS";"PREVIDENCIA DO REGIME ESTATUTARIO";6.098.538.485,50;6.098.538.485,50;6.098.538.485,50
SAUDE;"FUNDO DE APOIO HABITACIONAL DA ASSEMBLEIA LEGISLATIVA DE MINAS GERAIS";"ASSISTENCIA HOSPITALAR E AMBULATORIAL";39.238.053,75;39.238.053,75;38.884.911,25
"SEGURANCA PUBLICA";"POLICIA CIVIL DO ESTADO DE MINAS GERAIS";"ASSISTENCIA HOSPITALAR E AMBULATORIAL";14.676.210,88;14.370.983,93;14.289.744,25
ADMINISTRACAO;"GABINETE MILITAR DO GOVERNADOR DO ESTADO DE MINAS GERAIS";"ADMINISTRACAO GERAL";8.265.934,10;7.994.700,75;7.138.142,95
ADMINISTRACAO;"INSTITUTO ESTADUAL DE FLORESTAS";"ADMINISTRACAO GERAL";75.609.323,20;74.496.871,58;73.314.944,14
SAUDE;"ESCOLA DE SAUDE PUBLICA DO ESTADO DE MINAS GERAIS";"ADMINISTRACAO GERAL";2.981.633,66;2.939.920,58;2.937.290,17
"SEGURANCA PUBLICA";"CORPO DE BOMBEIROS MILITAR DO ESTADO DE MINAS GERAIS";"ADMINISTRACAO GERAL";1.446.308,40;1.446.308,40;1.446.308,40
INDUSTRIA;"SECRETARIA DE ESTADO DE DESENVOLVIMENTO ECONOMICO";MINERACAO;1.309.510,36;1.307.360,94;1.307.560,94
"SEGURANCA PUBLICA";"SECRETARIA DE ESTADO DE JUSTICA E SEGURANCA PUBLICA";"CUSTODIA E REINTEGRACAO SOCIAL";2.010.135.567,70;1.911.579.622,46;1.905.055.638,68
"ESSENCIAL A JUSTICA";"DEFENSORIA PUBLICA DO ESTADO DE MINAS GERAIS";"FORMACAO DE RECURSOS HUMANOS";329.786,71;222.368,68;220.435,54
EDUCACAO;"SECRETARIA DE ESTADO DE EDUCACAO";"ALIMENTACAO E NUTRICAO";322.340.488,31;258.820.823,63;254.921.299,71
"SEGURANCA PUBLICA";"SECRETARIA DE ESTADO DE JUSTICA E SEGURANCA PUBLICA";"ENSINO PROFISSIONAL";152.736,99;4.736,99;5.513,75
AGRICULTURA;"EMPRESA DE PESQUISA AGROPECUARIA DE MINAS GERAIS";"DESENVOLVIMENTO CIENTIFICO";12.526.280,33;12.526.280,33;12.526.280,33
SAUDE;"FUNDACAO EZEQUIEL DIAS";"DESENVOLVIMENTO CIENTIFICO";19.161.436,11;13.860.787,80;13.449.908,48
SAUDE;"ESCOLA DE SAUDE PUBLICA DO ESTADO DE MINAS GERAIS";"DESENVOLVIMENTO CIENTIFICO";425.812,26;416.910,79;416.822,22
EDUCACAO;"FUNDACAO DE EDUCACAO PARA O TRABALHO DE MINAS GERAIS";EMPREGABILIDADE;3.065.085,20;3.031.059,44;2.938.016,52
AGRICULTURA;"INSTITUTO MINEIRO DE AGROPECUARIA";"VIGILANCIA SANITARIA";17.427.514,98;16.381.535,95;16.007.658,60
"ENCARGOS ESPECIAIS";"FUNDACAO EZEQUIEL DIAS";"OUTROS ENCARGOS ESPECIAIS";26.492.240,77;26.216.740,74;26.135.456,76
"ENCARGOS ESPECIAIS";"INSTITUTO MINEIRO DE AGROPECUARIA";"OUTROS ENCARGOS ESPECIAIS";2.573.409,83;2.573.409,83;2.315.189,23
"ENCARGOS ESPECIAIS";"INSTITUTO DE METROLOGIA E QUALIDADE DO ESTADO DE MINAS GERAIS";"OUTROS ENCARGOS ESPECIAIS";51.869,38;51.869,38;46.921,13
"GESTAO AMBIENTAL";"FUNDACAO ESTADUAL DO MEIO AMBIENTE";"CONTROLE AMBIENTAL";197.916,24;194.909,47;195.523,02
"PREVIDENCIA SOCIAL";"ASSEMBLEIA LEGISLATIVA DO ESTADO DE MINAS GERAIS";"PREVIDENCIA DO REGIME ESTATUTARIO";410.482.959,13;410.482.959,13;410.521.456,93
ADMINISTRACAO;"CONTROLADORIA-GERAL DO ESTADO";"CONTROLE INTERNO";34.612.310,65;34.560.180,79;34.520.582,52
SAUDE;"FUNDACAO EZEQUIEL DIAS";"DIFUSAO DO CONHECIMENTO CIENTIFICO E TECNOLOGICO";2.363.552,30;1.986.132,48;1.925.830,84
AGRICULTURA;"EMPRESA DE ASSISTENCIA TECNICA E EXTENSAO RURAL DO ESTADO DE MINAS GERAIS";"EXTENSAO RURAL";297.935.198,31;297.935.198,31;297.935.198,31
TRANSPORTE;"SECRETARIA DE ESTADO DE INFRAESTRUTURA E MOBILIDADE";"TRANSPORTES COLETIVOS URBANOS";2.830.895,77;2.725.537,62;2.639.034,23
EDUCACAO;"FUNDACAO JOAO PINHEIRO";"ENSINO SUPERIOR";10.975.123,45;10.720.231,67;10.553.924,35
ADMINISTRACAO;"SECRETARIA DE ESTADO DE DESENVOLVIMENTO SOCIAL";"FORMACAO DE RECURSOS HUMANOS";8.176.990,16;8.098.007,88;7.977.061,68
ADMINISTRACAO;"SECRETARIA DE ESTADO DE FAZENDA";"ADMINISTRACAO DE RECEITAS";866.018.172,60;837.033.403,69;835.616.591,33
HABITACAO;"FUNDO DE APOIO HABITACIONAL AOS MILITARES DO ESTADO DE MINAS GERAIS";"HABITACAO URBANA";289.391,18;289.391,18;289.391,18
EDUCACAO;"POLICIA MILITAR DO ESTADO DE MINAS GERAIS";"ENSINO MEDIO";38.306.955,25;38.024.946,06;37.631.613,25
"ASSISTENCIA SOCIAL";"SECRETARIA DE ESTADO DE DESENVOLVIMENTO SOCIAL";"DIREITOS INDIVIDUAIS, COLETIVOS E DIFUSOS";1.989.191,69;1.934.405,79;1.875.649,00
SAUDE;"FUNDACAO EZEQUIEL DIAS";"SUPORTE PROFILATICO E TERAPEUTICO";769.939.884,26;485.164.638,95;320.180.507,36
SAUDE;"FUNDACAO DE AMPARO A PESQUISA DO ESTADO DE MINAS GERAIS";"DESENVOLVIMENTO CIENTIFICO";253.000,00;253.000,00;253.000,00
EDUCACAO;"SECRETARIA DE ESTADO DE EDUCACAO";"ENSINO FUNDAMENTAL";4.907.735.847,70;4.784.349.401,92;4.729.284.186,35
AGRICULTURA;"INSTITUTO DE DESENVOLVIMENTO DO NORTE E NORDESTE DE MINAS GERAIS";"PROMOCAO DA PRODUCAO AGROPECUARIA";1.509.686,29;723.831,17;709.904,88
ADMINISTRACAO;"SECRETARIA DE ESTADO DE PLANEJAMENTO E GESTAO";"TECNOLOGIA DA INFORMACAO";9.204.751,90;6.907.493,43;6.637.932,07
EDUCACAO;"SECRETARIA DE ESTADO DE EDUCACAO";"EDUCACAO BASICA";959.261.958,64;931.232.659,58;923.490.456,93
"SEGURANCA PUBLICA";"SECRETARIA DE ESTADO DE JUSTICA E SEGURANCA PUBLICA";"ASSISTENCIA A CRIANCA E AO ADOLESCENTE";233.174.761,54;228.890.397,24;225.294.758,13
SAUDE;"INSTITUTO DE PREVIDENCIA DOS SERVIDORES DO ESTADO DE MINAS GERAIS";"VIGILANCIA EPIDEMIOLOGICA";3.014.896,37;2.658.970,33;2.658.401,70
"DESPORTO E LAZER";"SECRETARIA DE ESTADO DE INFRAESTRUTURA E MOBILIDADE";"DESPORTO COMUNITARIO";996.005,28;905.820,13;846.981,29
"ENCARGOS ESPECIAIS";"INSTITUTO ESTADUAL DE FLORESTAS";"OUTROS ENCARGOS ESPECIAIS";991.057,77;986.918,56;941.400,91
URBANISMO;"AGENCIA DE DESENVOLVIMENTO DA REGIAO METROPOLITANA DE BELO HORIZONTE";"ORDENAMENTO TERRITORIAL";2.193.640,24;2.174.910,07;2.174.880,07
"COMERCIO E SERVICOS";"JUNTA COMERCIAL DO ESTADO DE MINAS GERAIS";"NORMATIZACAO E FISCALIZACAO";15.059.162,66;13.967.432,62;13.575.940,59
"PREVIDENCIA SOCIAL";"FUNDO FINANCEIRO DE PREVIDENCIA";"PREVIDENCIA DO REGIME ESTATUTARIO";13.695.989.973,65;13.695.810.611,62;13.695.810.611,62
ADMINISTRACAO;"AGENCIA REGULADORA DE SERVICOS DE ABASTECIMENTO DE AGUA E DE ESGOTAMENTO SANITARIO DO ESTADO DE MINA";"ADMINISTRACAO GERAL";3.965.485,99;3.905.362,04;3.854.400,16
ADMINISTRACAO;"FUNDACAO CLOVIS SALGADO";"ADMINISTRACAO GERAL";11.140.803,87;10.766.990,35;10.067.031,89
ADMINISTRACAO;"SECRETARIA DE ESTADO DE DESENVOLVIMENTO SOCIAL";"ADMINISTRACAO GERAL";26.545.734,25;26.274.896,48;25.954.085,56
ADMINISTRACAO;"CONTROLADORIA-GERAL DO ESTADO";"ADMINISTRACAO GERAL";4.767.357,80;4.717.869,50;4.606.203,68
ADMINISTRACAO;"FUNDACAO JOAO PINHEIRO";"ADMINISTRACAO GERAL";12.797.091,16;12.217.517,52;11.914.095,94
SAUDE;"INSTITUTO DE PREVIDENCIA DOS SERVIDORES MILITARES DO ESTADO DE MINAS GERAIS";"ADMINISTRACAO GERAL";20.054.966,24;15.768.250,51;14.723.248,56
LEGISLATIVA;"FUNDO DO TRIBUNAL DE CONTAS DO ESTADO DE MINAS GERAIS";"ADMINISTRACAO GERAL";127.000,19;55.000,19;55.000,19
"SEGURANCA PUBLICA";"POLICIA MILITAR DO ESTADO DE MINAS GERAIS";POLICIAMENTO;4.278.216.321,23;4.157.192.013,05;4.078.853.639,04
CULTURA;"FUNDACAO DE ARTE DE OURO PRETO";"PATRIMONIO HISTORICO, ARTISTICO E ARQUEOLOGICO";29.387,86;27.476,06;27.476,06
"SEGURANCA PUBLICA";"CORPO DE BOMBEIROS MILITAR DO ESTADO DE MINAS GERAIS";"FORMACAO DE RECURSOS HUMANOS";16.741.530,74;14.979.600,01;13.967.577,78
ADMINISTRACAO;"SECRETARIA DE ESTADO DE PLANEJAMENTO E GESTAO";"PLANEJAMENTO E ORCAMENTO";8.938.880,03;8.381.944,18;8.367.879,53
CULTURA;"FUNDACAO TV MINAS CULTURAL E EDUCATIVA";TELECOMUNICACOES;8.422.543,25;7.883.634,30;7.321.739,93
TRANSPORTE;"PARTICIPACAO NO AUMENTO DO CAPITAL SOCIAL DE EMPRESAS";"TRANSPORTE FERROVIARIO";1.042.618,00;1.042.618,00;1.042.618,00
"CIENCIA E TECNOLOGIA";"EMPRESA DE PESQUISA AGROPECUARIA DE MINAS GERAIS";"DESENVOLVIMENTO CIENTIFICO";56.170.559,02;56.170.559,02;56.170.559,02
SAUDE;"FUNDO ESTADUAL DE SAUDE";"VIGILANCIA EPIDEMIOLOGICA";1.193.466.814,95;986.517.161,11;356.310.070,88
"ENCARGOS ESPECIAIS";"JUNTA COMERCIAL DO ESTADO DE MINAS GERAIS";"OUTROS ENCARGOS ESPECIAIS";5.354.380,07;5.354.380,07;5.275.549,88
"SEGURANCA PUBLICA";"POLICIA CIVIL DO ESTADO DE MINAS GERAIS";"CONTROLE INTERNO";20.337.074,17;20.068.962,01;20.019.412,15
ADMINISTRACAO;"INSTITUTO MINEIRO DE AGROPECUARIA";"ADMINISTRACAO GERAL";127.437.098,87;127.089.489,91;126.807.253,33
ADMINISTRACAO;"AGENCIA DE DESENVOLVIMENTO DA REGIAO METROPOLITANA DE BELO HORIZONTE";"ADMINISTRACAO GERAL";1.960.667,05;1.914.103,26;1.874.726,69
ADMINISTRACAO;"SECRETARIA DE ESTADO DE GOVERNO";"ADMINISTRACAO GERAL";186.927.998,92;169.827.894,29;167.672.050,88
ADMINISTRACAO;"ADVOCACIA GERAL DO ESTADO";"ADMINISTRACAO GERAL";32.925.948,37;32.635.307,49;31.936.568,44
"ASSISTENCIA SOCIAL";"INSTITUTO DE PREVIDENCIA DOS SERVIDORES DO ESTADO DE MINAS GERAIS";"ASSISTENCIA COMUNITARIA";910.000,00;674.339,47;674.339,47
AGRICULTURA;"SECRETARIA DE ESTADO DE AGRICULTURA, PECUARIA E ABASTECIMENTO - SEAPA";"RECURSOS HIDRICOS";10.879.669,58;9.757.784,24;8.584.947,49
"SEGURANCA PUBLICA";"POLICIA CIVIL DO ESTADO DE MINAS GERAIS";"CUSTODIA E REINTEGRACAO SOCIAL";2.532.699,64;2.410.287,83;2.388.371,85
ADMINISTRACAO;"FUNDACAO JOAO PINHEIRO";"PLANEJAMENTO E ORCAMENTO";15.565.091,88;15.353.612,90;15.305.242,94
EDUCACAO;"UNIVERSIDADE ESTADUAL DE MONTES CLAROS";"ENSINO PROFISSIONAL";9.139.825,99;5.627.907,37;4.756.505,47
CULTURA;"FUNDACAO CLOVIS SALGADO";"ENSINO PROFISSIONAL";4.317.456,59;4.143.708,85;4.143.708,85
HABITACAO;"FUNDO ESTADUAL DE HABITACAO";"HABITACAO URBANA";1.276.176,40;880.542,00;880.542,00
"DIREITOS DA CIDADANIA";"SECRETARIA DE ESTADO DE DESENVOLVIMENTO SOCIAL";"DIREITOS INDIVIDUAIS, COLETIVOS E DIFUSOS";21.194.310,91;19.771.172,68;19.174.954,86
AGRICULTURA;"SECRETARIA DE ESTADO DE AGRICULTURA, PECUARIA E ABASTECIMENTO - SEAPA";"PROMOCAO DA PRODUCAO AGROPECUARIA";15.130.810,55;12.713.900,61;12.545.103,70
"SEGURANCA PUBLICA";"SECRETARIA DE ESTADO DE DESENVOLVIMENTO SOCIAL";LAZER;869.693,84;869.693,84;869.693,84
"SEGURANCA PUBLICA";"CORPO DE BOMBEIROS MILITAR DO ESTADO DE MINAS GERAIS";"PREVIDENCIA DO REGIME ESTATUTARIO";437.500.124,98;437.500.124,98;437.500.124,98
ADMINISTRACAO;"JUNTA COMERCIAL DO ESTADO DE MINAS GERAIS";"ADMINISTRACAO GERAL";10.404.923,67;9.881.199,97;9.757.264,59
ADMINISTRACAO;"DEPARTAMENTO DE EDIFICACOES E ESTRADAS DE RODAGEM DO ESTADO DE MINAS GERAIS";"ADMINISTRACAO GERAL";78.321.021,88;76.025.762,05;74.939.265,68
"ASSISTENCIA SOCIAL";"FUNDO ESTADUAL DE ASSISTENCIA SOCIAL";"ASSISTENCIA COMUNITARIA";89.473.931,05;88.956.117,59;88.463.234,12
CULTURA;"FUNDACAO DE ARTE DE OURO PRETO";"DIFUSAO CULTURAL";1.732.783,33;1.709.184,30;1.687.312,25
CULTURA;"INSTITUTO ESTADUAL DO PATRIMONIO HISTORICO E ARTISTICO DE MINAS GERAIS";"PATRIMONIO HISTORICO, ARTISTICO E ARQUEOLOGICO";9.965.063,46;8.494.198,77;8.379.024,03
LEGISLATIVA;"TRIBUNAL DE CONTAS DO ESTADO DE MINAS GERAIS";"CONTROLE EXTERNO";495.814.593,83;492.398.741,83;491.630.167,09
EDUCACAO;"SECRETARIA DE ESTADO DE EDUCACAO";"TRANSPORTE RODOVIARIO";74.864.774,11;70.233.640,78;70.216.770,76
EDUCACAO;"SECRETARIA DE ESTADO DE EDUCACAO";"EDUCACAO INFANTIL";5.137.874,52;5.137.874,52;5.137.874,52
EDUCACAO;"SECRETARIA DE ESTADO DE EDUCACAO";"EDUCACAO DE JOVENS E ADULTOS";68.506.012,99;68.504.309,44;68.501.135,64
"DESPORTO E LAZER";"SECRETARIA DE ESTADO DE DESENVOLVIMENTO SOCIAL";"EDUCACAO DE JOVENS E ADULTOS";819.885,25;819.885,25;819.885,25
URBANISMO;"SECRETARIA DE ESTADO DE INFRAESTRUTURA E MOBILIDADE";"INFRA-ESTRUTURA URBANA";108.536.999,46;84.956.308,03;83.489.254,20
ADMINISTRACAO;"OUVIDORIA-GERAL DO ESTADO DE MINAS GERAIS";"TECNOLOGIA DA INFORMACAO";15.485,32;15.485,32;15.485,32
SAUDE;"INSTITUTO DE PREVIDENCIA DOS SERVIDORES MILITARES DO ESTADO DE MINAS GERAIS";"ASSISTENCIA HOSPITALAR E AMBULATORIAL";573.875.313,65;537.631.826,11;525.831.078,83
JUDICIARIA;"FUNDO ESPECIAL DO PODER JUDICIARIO DO ESTADO DE MINAS GERAIS";"ACAO JUDICIARIA";977.159.373,18;834.302.379,29;771.407.441,62
"CIENCIA E TECNOLOGIA";"SECRETARIA DE ESTADO DE DESENVOLVIMENTO ECONOMICO";"DIFUSAO DO CONHECIMENTO CIENTIFICO E TECNOLOGICO";3.385.522,51;3.138.439,20;3.126.550,49
ADMINISTRACAO;"INSTITUTO DE DESENVOLVIMENTO DO NORTE E NORDESTE DE MINAS GERAIS";"ADMINISTRACAO GERAL";9.918.338,90;9.286.978,92;9.076.176,16
ADMINISTRACAO;"FUNDACAO TV MINAS CULTURAL E EDUCATIVA";"ADMINISTRACAO GERAL";11.547.277,08;11.099.078,61;10.819.332,36
SAUDE;"FUNDO ESTADUAL DE SAUDE";"ADMINISTRACAO GERAL";443.221.786,12;426.476.291,61;410.614.488,95
"SEGURANCA PUBLICA";"SECRETARIA DE ESTADO DE JUSTICA E SEGURANCA PUBLICA";"ADMINISTRACAO GERAL";89.198.960,89;87.563.450,94;86.478.527,94
"ORGANIZACAO AGRARIA";"SECRETARIA DE ESTADO DE AGRICULTURA, PECUARIA E ABASTECIMENTO - SEAPA";ABASTECIMENTO;3.182.478,55;1.826.440,78;1.830.907,28
"ENCARGOS ESPECIAIS";"GESTAO DA DIVIDA PUBLICA ESTADUAL";"SERVICO DA DIVIDA INTERNA";8.653.229.875,31;7.943.110.090,59;20.827.189,53
HABITACAO;"FUNDO DE APOIO HABITACIONAL DA ASSEMBLEIA LEGISLATIVA DE MINAS GERAIS";"HABITACAO URBANA";2.801.899,47;2.676.899,46;2.478.683,07
"GESTAO AMBIENTAL";"SECRETARIA DE ESTADO DE MEIO AMBIENTE E DESENVOLVIMENTO SUSTENTAVEL";"PRESERVACAO E CONSERVACAO AMBIENTAL";2.118.923,81;2.118.923,81;2.118.923,81
EDUCACAO;"FUNDACAO HELENA ANTIPOFF";"EDUCACAO BASICA";2.696.762,61;2.388.475,27;2.375.782,22
"ENCARGOS ESPECIAIS";"FUNDACAO JOAO PINHEIRO";"OUTROS ENCARGOS ESPECIAIS";317.164,64;317.164,64;301.599,35
"ENCARGOS ESPECIAIS";"DEPARTAMENTO DE EDIFICACOES E ESTRADAS DE RODAGEM DO ESTADO DE MINAS GERAIS";"OUTROS ENCARGOS ESPECIAIS";87.316.826,27;86.556.863,49;84.382.262,49
"PREVIDENCIA SOCIAL";"PROCURADORIA GERAL DE JUSTICA";"PREVIDENCIA DO REGIME ESTATUTARIO";538.501.146,68;538.501.146,68;538.501.146,68
SAUDE;"INSTITUTO DE PREVIDENCIA DOS SERVIDORES DO ESTADO DE MINAS GERAIS";"ASSISTENCIA HOSPITALAR E AMBULATORIAL";965.587.356,87;784.295.512,22;764.025.852,69
SAUDE;"FUNDO ESTADUAL DE SAUDE";"ACAO JUDICIARIA";245.864.553,76;196.758.503,31;192.207.874,11
"CIENCIA E TECNOLOGIA";"FUNDACAO DE AMPARO A PESQUISA DO ESTADO DE MINAS GERAIS";"DIFUSAO DO CONHECIMENTO CIENTIFICO E TECNOLOGICO";2.074.349,56;2.061.859,66;1.934.675,70
ADMINISTRACAO;"UNIVERSIDADE DO ESTADO DE MINAS GERAIS";"ADMINISTRACAO GERAL";13.367,77;12.584,49;12.926,49
ADMINISTRACAO;"INSTITUTO ESTADUAL DO PATRIMONIO HISTORICO E ARTISTICO DE MINAS GERAIS";"ADMINISTRACAO GERAL";4.480.903,72;4.418.308,98;4.135.865,15
ADMINISTRACAO;"SECRETARIA DE ESTADO DE AGRICULTURA, PECUARIA E ABASTECIMENTO - SEAPA";"ADMINISTRACAO GERAL";15.391.524,08;15.072.556,95;14.535.017,82
SAUDE;"FUNDACAO EZEQUIEL DIAS";"ADMINISTRACAO GERAL";31.990.485,23;29.270.856,08;27.937.609,63
"CIENCIA E TECNOLOGIA";"FUNDACAO DE AMPARO A PESQUISA DO ESTADO DE MINAS GERAIS";"ADMINISTRACAO GERAL";14.337.780,06;13.494.863,17;12.849.573,49
AGRICULTURA;"INSTITUTO MINEIRO DE AGROPECUARIA";"DEFESA AGROPECUARIA";25.412.107,83;25.115.271,84;25.025.165,70
TRABALHO;"SECRETARIA DE ESTADO DE DESENVOLVIMENTO SOCIAL";"FOMENTO AO TRABALHO";7.460.391,99;6.419.025,88;6.049.469,83
"SEGURANCA PUBLICA";"SECRETARIA DE ESTADO DE JUSTICA E SEGURANCA PUBLICA";POLICIAMENTO;49.772.383,89;45.077.561,53;39.650.798,30
CULTURA;"INSTITUTO ESTADUAL DO PATRIMONIO HISTORICO E ARTISTICO DE MINAS GERAIS";"DIFUSAO CULTURAL";339.096,34;334.412,71;334.399,72
"GESTAO AMBIENTAL";"FUNDO DE RECUPERACAO, PROTECAO E DESENVOLVIMENTO SUSTENTAVEL DAS BACIAS HIDROGRAFICAS DO ESTADO DE M";"RECURSOS HIDRICOS";1.138.235,08;1.015.034,06;882.291,03
SAUDE;"SECRETARIA DE ESTADO DE JUSTICA E SEGURANCA PUBLICA";"CUSTODIA E REINTEGRACAO SOCIAL";97.001.649,22;85.722.215,49;85.404.812,59
ADMINISTRACAO;"SECRETARIA DE ESTADO DE DESENVOLVIMENTO SOCIAL";"ALIMENTACAO E NUTRICAO";150.199,74;150.199,74;151.114,29
EDUCACAO;"FUNDACAO HELENA ANTIPOFF";"ENSINO MEDIO";6.619.518,12;6.519.157,28;6.519.157,28
EDUCACAO;"POLICIA MILITAR DO ESTADO DE MINAS GERAIS";"ENSINO FUNDAMENTAL";57.834.436,08;57.676.952,49;57.090.793,70
ADMINISTRACAO;"SECRETARIA DE ESTADO DE FAZENDA";"TECNOLOGIA DA INFORMACAO";65.521.605,84;56.277.088,35;49.479.296,93
ADMINISTRACAO;"EGE SEC.FAZENDA-ENCARGOS DIVERSOS";"ADMINISTRACAO FINANCEIRA";453.045.035,01;246.757.154,93;102.891.215,69
ADMINISTRACAO;"PARTICIPACAO NO AUMENTO DO CAPITAL SOCIAL DE EMPRESAS";"ADMINISTRACAO FINANCEIRA";34.959.234,11;34.959.234,11;17.959.234,11
"ENCARGOS ESPECIAIS";"EGE SEC.FAZENDA-ENCARGOS DIVERSOS";"OUTROS ENCARGOS ESPECIAIS";6.442.859.742,55;6.324.566.755,65;6.324.566.755,65
"ENCARGOS ESPECIAIS";"FUNDACAO HOSPITALAR DO ESTADO DE MINAS GERAIS";"OUTROS ENCARGOS ESPECIAIS";262.551.214,42;262.447.722,71;261.479.826,94
"ENCARGOS ESPECIAIS";"UNIVERSIDADE ESTADUAL DE MONTES CLAROS";"OUTROS ENCARGOS ESPECIAIS";3.129.474,15;3.129.474,15;3.076.906,12
"ENCARGOS ESPECIAIS";"LOTERIA DO ESTADO DE MINAS GERAIS";"OUTROS ENCARGOS ESPECIAIS";1.883.442,02;1.883.442,02;1.883.267,22
"PREVIDENCIA SOCIAL";"INSTITUTO DE PREVIDENCIA DOS SERVIDORES MILITARES DO ESTADO DE MINAS GERAIS";"PREVIDENCIA DO REGIME ESTATUTARIO";1.555.743.629,38;1.535.625.855,59;970.407.185,04
EDUCACAO;"UNIVERSIDADE ESTADUAL DE MONTES CLAROS";"ASSISTENCIA HOSPITALAR E AMBULATORIAL";112.722.695,15;101.203.369,06;90.648.482,63
JUDICIARIA;"TRIBUNAL DE JUSTICA MILITAR DO ESTADO DE MINAS GERAIS";"ADMINISTRACAO GERAL";36.590.286,54;36.590.286,54;36.590.286,54
ADMINISTRACAO;"SECRETARIA DE ESTADO DE DESENVOLVIMENTO ECONOMICO";"ADMINISTRACAO GERAL";11.929.253,48;11.647.336,11;11.602.985,54
ADMINISTRACAO;"OUVIDORIA-GERAL DO ESTADO DE MINAS GERAIS";"ADMINISTRACAO GERAL";115.186,72;115.186,72;115.186,72
ADMINISTRACAO;"PARTICIPACAO NO AUMENTO DO CAPITAL SOCIAL DE EMPRESAS";"ADMINISTRACAO GERAL";60.000.000,00;60.000.000,00;60.000.000,00
SAUDE;"INSTITUTO DE PREVIDENCIA DOS SERVIDORES DO ESTADO DE MINAS GERAIS";"ADMINISTRACAO GERAL";98.606.844,68;89.656.518,33;87.460.713,15
CULTURA;"SECRETARIA DE ESTADO DE CULTURA E TURISMO";"PATRIMONIO HISTORICO, ARTISTICO E ARQUEOLOGICO";5.945.866,56;5.853.303,80;5.337.529,14
LEGISLATIVA;"TRIBUNAL DE CONTAS DO ESTADO DE MINAS GERAIS";"FORMACAO DE RECURSOS HUMANOS";383.174,55;326.088,05;361.261,02
AGRICULTURA;"EMPRESA DE PESQUISA AGROPECUARIA DE MINAS GERAIS";"ENSINO PROFISSIONAL";5.314.593,87;5.314.593,87;5.314.593,87
"COMERCIO E SERVICOS";"SECRETARIA DE ESTADO DE CULTURA E TURISMO";TURISMO;2.549.840,18;2.531.259,10;2.523.252,59
"CIENCIA E TECNOLOGIA";"FUNDACAO DE AMPARO A PESQUISA DO ESTADO DE MINAS GERAIS";"DESENVOLVIMENTO CIENTIFICO";56.312.740,33;56.271.043,96;54.054.860,87
SAUDE;"SECRETARIA DE ESTADO DE INFRAESTRUTURA E MOBILIDADE";"INFRA-ESTRUTURA URBANA";9.219.271,83;9.219.271,82;9.219.271,80
ADMINISTRACAO;"SECRETARIA DE ESTADO DE FAZENDA";"ADMINISTRACAO FINANCEIRA";95.783.623,23;76.496.889,08;75.384.306,44
"ENCARGOS ESPECIAIS";"GESTAO DA DIVIDA PUBLICA ESTADUAL";"OUTROS ENCARGOS ESPECIAIS";290.590.082,90;290.590.082,90;240.263.589,98
SAUDE;"FUNDACAO CENTRO DE HEMATOLOGIA E HEMOTERAPIA DE MINAS GERAIS";"ASSISTENCIA HOSPITALAR E AMBULATORIAL";249.341.471,34;216.847.278,09;207.616.047,94
LEGISLATIVA;"ASSEMBLEIA LEGISLATIVA DO ESTADO DE MINAS GERAIS";"ACAO LEGISLATIVA";1.071.728.310,62;940.165.304,54;935.301.486,66
"ENCARGOS ESPECIAIS";"GESTAO DA DIVIDA PUBLICA ESTADUAL";"SERVICO DA DIVIDA EXTERNA";1.761.341.743,18;1.297.088.383,44;0,00
ADMINISTRACAO;"FUNDACAO DE EDUCACAO PARA O TRABALHO DE MINAS GERAIS";"ADMINISTRACAO GERAL";2.781.273,18;2.627.292,76;2.480.501,18
ADMINISTRACAO;"FUNDACAO HELENA ANTIPOFF";"ADMINISTRACAO GERAL";8.980.086,38;8.796.603,47;8.795.483,65
SAUDE;"FUNDACAO HOSPITALAR DO ESTADO DE MINAS GERAIS";"ADMINISTRACAO GERAL";88.595.495,45;82.373.215,71;78.203.780,30
ADMINISTRACAO;"SECRETARIA DE ESTADO DE INFRAESTRUTURA E MOBILIDADE";"ADMINISTRACAO DE CONCESSOES";3.568.664,76;3.520.621,56;3.443.492,38
"SEGURANCA PUBLICA";"CORPO DE BOMBEIROS MILITAR DO ESTADO DE MINAS GERAIS";"DEFESA CIVIL";689.429.992,63;670.309.769,50;662.576.935,43
"ESSENCIAL A JUSTICA";"DEFENSORIA PUBLICA DO ESTADO DE MINAS GERAIS";"REPRESENTACAO JUDICIAL E EXTRAJUDICIAL";422.434.086,51;409.985.368,46;404.836.810,22
EDUCACAO;"SECRETARIA DE ESTADO DE EDUCACAO";"ENSINO MEDIO";1.566.684.063,19;1.554.620.941,05;1.546.567.969,39
SANEAMENTO;"INSTITUTO DE DESENVOLVIMENTO DO NORTE E NORDESTE DE MINAS GERAIS";"SANEAMENTO BASICO RURAL";14.059.655,19;287.441,28;287.441,28
ADMINISTRACAO;SECRETARIA-GERAL;"COMUNICACAO SOCIAL";50.022.585,47;38.448.355,38;38.115.796,38
"SEGURANCA PUBLICA";"FUNDO ESTADUAL DE SEGURANCA PUBLICA DE MINAS GERAIS";"ADMINISTRACAO FINANCEIRA";1.924.074,13;299.259,70;0,00
TRANSPORTE;"SECRETARIA DE ESTADO DE INFRAESTRUTURA E MOBILIDADE";"TRANSPORTE AEREO";3.085.051,18;2.395.409,30;2.211.456,38
"ENCARGOS ESPECIAIS";"INSTITUTO MINEIRO DE GESTAO DAS AGUAS";"OUTROS ENCARGOS ESPECIAIS";93.004,83;93.004,83;87.668,98
"ENCARGOS ESPECIAIS";"ADVOCACIA GERAL DO ESTADO";"OUTROS ENCARGOS ESPECIAIS";130.806.153,48;125.638.627,09;86.291.892,76
"GESTAO AMBIENTAL";"INSTITUTO MINEIRO DE GESTAO DAS AGUAS";"CONTROLE AMBIENTAL";600.000,00;431.736,03;345.201,38
"ESSENCIAL A JUSTICA";"FUNDO ESTADUAL DE PROTECAO E DEFESA DO CONSUMIDOR";"ACAO JUDICIARIA";39.163.660,45;36.035.864,78;35.756.939,05
ADMINISTRACAO;"EMPRESA DE ASSISTENCIA TECNICA E EXTENSAO RURAL DO ESTADO DE MINAS GERAIS";"ADMINISTRACAO GERAL";1.440.912,58;1.440.912,58;1.440.912,58
ADMINISTRACAO;"FUNDACAO DE ARTE DE OURO PRETO";"ADMINISTRACAO GERAL";1.116.103,87;1.015.977,65;1.010.319,54
HABITACAO;"FUNDO ESTADUAL DE HABITACAO";"ADMINISTRACAO GERAL";17.685.249,65;17.163.677,04;17.163.677,04
"PREVIDENCIA SOCIAL";"INSTITUTO DE PREVIDENCIA DOS SERVIDORES MILITARES DO ESTADO DE MINAS GERAIS";"ADMINISTRACAO GERAL";12.272.800,29;9.529.916,35;9.483.026,31
TRABALHO;"FUNDACAO EDUCACIONAL CAIO MARTINS";"FOMENTO AO TRABALHO";1.329.100,19;1.064.506,60;949.849,54
"SEGURANCA PUBLICA";"POLICIA CIVIL DO ESTADO DE MINAS GERAIS";POLICIAMENTO;1.621.888.036,14;1.591.123.341,67;1.581.000.276,65
SAUDE;"SECRETARIA DE ESTADO DE JUSTICA E SEGURANCA PUBLICA";"ATENCAO BASICA";13.176.549,48;10.074.554,43;9.898.154,43
CULTURA;"FUNDACAO CLOVIS SALGADO";"DIFUSAO CULTURAL";18.426.562,38;17.887.476,35;17.887.476,35
EDUCACAO;"UNIVERSIDADE DO ESTADO DE MINAS GERAIS";"ENSINO SUPERIOR";192.562.413,47;188.411.156,29;183.679.830,92
SAUDE;"ESCOLA DE SAUDE PUBLICA DO ESTADO DE MINAS GERAIS";"FORMACAO DE RECURSOS HUMANOS";7.994.398,43;7.643.602,32;7.474.398,76
SAUDE;"FUNDO ESTADUAL DE SAUDE";"ASSISTENCIA AO PORTADOR DE DEFICIENCIA";32.034.904,24;27.546.444,89;24.929.881,54
"PREVIDENCIA SOCIAL";"INSTITUTO DE PREVIDENCIA DO LEGISLATIVO DO ESTADO DE MINAS GERAIS";"PREVIDENCIA ESPECIAL";45.850.870,83;45.850.870,83;45.850.870,83
SAUDE;"FUNDO ESTADUAL DE SAUDE";"DIREITOS INDIVIDUAIS, COLETIVOS E DIFUSOS";5.166.105,07;5.166.105,07;5.166.105,07
TRANSPORTE;"FUNDO ESTADUAL DE DESENVOLVIMENTO DE TRANSPORTES";"TRANSPORTE RODOVIARIO";54.528.301,22;48.166.366,48;47.510.104,57
TRANSPORTE;"DEPARTAMENTO DE EDIFICACOES E ESTRADAS DE RODAGEM DO ESTADO DE MINAS GERAIS";"TRANSPORTE RODOVIARIO";459.103.356,34;324.593.704,29;307.733.010,11
TRANSPORTE;"SECRETARIA DE ESTADO DE INFRAESTRUTURA E MOBILIDADE";"TRANSPORTE FERROVIARIO";176.659,43;176.659,43;176.659,43
SAUDE;"FUNDO ESTADUAL DE SAUDE";"DESENVOLVIMENTO CIENTIFICO";253.000,00;253.000,00;253.000,00
"ENCARGOS ESPECIAIS";"EMPRESA DE PESQUISA AGROPECUARIA DE MINAS GERAIS";"OUTROS ENCARGOS ESPECIAIS";2.294.866,16;2.294.866,16;2.294.866,16
"GESTAO AMBIENTAL";"INSTITUTO ESTADUAL DE FLORESTAS";"CONTROLE AMBIENTAL";6.888.114,21;6.863.314,18;6.828.929,15
"SEGURANCA PUBLICA";"DEPARTAMENTO DE TRANSITO DE MINAS GERAIS";"NORMATIZACAO E FISCALIZACAO";173.079.742,06;159.161.621,74;145.396.089,36
SAUDE;"FUNDACAO HOSPITALAR DO ESTADO DE MINAS GERAIS";"ASSISTENCIA HOSPITALAR E AMBULATORIAL";1.418.850.844,59;1.379.566.709,70;1.319.857.126,49
CULTURA;"FUNDACAO JOAO PINHEIRO";"DIFUSAO DO CONHECIMENTO CIENTIFICO E TECNOLOGICO";1.292.419,51;1.292.419,51;1.290.521,26
"COMERCIO E SERVICOS";"INSTITUTO DE METROLOGIA E QUALIDADE DO ESTADO DE MINAS GERAIS";"NORMALIZACAO E QUALIDADE";562.593,84;519.414,28;522.843,08
ADMINISTRACAO;"SECRETARIA DE ESTADO DE PLANEJAMENTO E GESTAO";"ADMINISTRACAO GERAL";251.323.329,67;237.114.473,32;214.639.391,03
ADMINISTRACAO;"INSTITUTO MINEIRO DE GESTAO DAS AGUAS";"ADMINISTRACAO GERAL";10.170.337,18;10.031.518,94;9.837.275,75
HABITACAO;"SECRETARIA DE ESTADO DE DESENVOLVIMENTO SOCIAL";"ADMINISTRACAO GERAL";1.391.339,96;1.391.339,96;224.939,96
"SEGURANCA PUBLICA";"POLICIA CIVIL DO ESTADO DE MINAS GERAIS";"ADMINISTRACAO GERAL";162.195.507,49;160.219.272,43;159.769.013,20
"SEGURANCA PUBLICA";"POLICIA CIVIL DO ESTADO DE MINAS GERAIS";"FORMACAO DE RECURSOS HUMANOS";31.015.761,76;30.332.298,77;30.227.740,84
"ESSENCIAL A JUSTICA";"ADVOCACIA GERAL DO ESTADO";"REPRESENTACAO JUDICIAL E EXTRAJUDICIAL";246.698.226,61;245.454.938,90;243.870.310,43
"SEGURANCA PUBLICA";"SECRETARIA DE ESTADO DE JUSTICA E SEGURANCA PUBLICA";"PROTECAO E BENEFICIOS AO TRABALHADOR";363.364,49;363.364,49;363.184,49
SANEAMENTO;"SECRETARIA DE ESTADO DE MEIO AMBIENTE E DESENVOLVIMENTO SUSTENTAVEL";"SANEAMENTO BASICO URBANO";10.136.757,08;7.953.248,95;7.808.555,32
"ENCARGOS ESPECIAIS";"FUNDACAO DE AMPARO A PESQUISA DO ESTADO DE MINAS GERAIS";"OUTROS ENCARGOS ESPECIAIS";162.899,29;162.899,29;143.644,09
"ENCARGOS ESPECIAIS";"UNIVERSIDADE DO ESTADO DE MINAS GERAIS";"OUTROS ENCARGOS ESPECIAIS";5.091.612,50;5.091.612,50;4.436.920,43
"SEGURANCA PUBLICA";"SECRETARIA DE ESTADO DE JUSTICA E SEGURANCA PUBLICA";"INFORMACAO E INTELIGENCIA";17.126,30;11.050,39;11.466,09
"PREVIDENCIA SOCIAL";"TRIBUNAL DE JUSTICA DO ESTADO DE MINAS GERAIS";"PREVIDENCIA DO REGIME ESTATUTARIO";1.945.695.159,11;1.945.695.159,11;1.945.782.324,22
JUDICIARIA;"TRIBUNAL DE JUSTICA MILITAR DO ESTADO DE MINAS GERAIS";"ACAO JUDICIARIA";10.077.555,03;6.899.906,26;6.548.698,61
JUDICIARIA;"TRIBUNAL DE JUSTICA DO ESTADO DE MINAS GERAIS";"ADMINISTRACAO GERAL";4.436.565.838,46;4.436.467.358,10;4.436.763.409,46
ADMINISTRACAO;"FUNDACAO ESTADUAL DO MEIO AMBIENTE";"ADMINISTRACAO GERAL";19.763.399,94;19.758.785,74;19.730.541,91
ADMINISTRACAO;SECRETARIA-GERAL;"ADMINISTRACAO GERAL";6.470.404,43;6.348.456,21;6.233.089,54
ADMINISTRACAO;"SECRETARIA DE ESTADO DE CULTURA E TURISMO";"ADMINISTRACAO GERAL";11.436.467,85;11.365.070,85;11.271.027,24
ADMINISTRACAO;"SECRETARIA DE ESTADO DE INFRAESTRUTURA E MOBILIDADE";"ADMINISTRACAO GERAL";9.603.219,18;9.551.826,03;9.453.749,46
ADMINISTRACAO;"FUNDO DE PAGAMENTO DE PARCERIAS PUBLICO - PRIVADAS DE MINAS GERAIS";"ADMINISTRACAO DE CONCESSOES";492.260.785,78;459.502.643,07;449.217.209,58
"DESPORTO E LAZER";"SECRETARIA DE ESTADO DE DESENVOLVIMENTO SOCIAL";"DESPORTO DE RENDIMENTO";1.769.845,67;1.759.004,48;1.499.004,48
CULTURA;"EMPRESA MINEIRA DE COMUNICACAO";"DIFUSAO CULTURAL";7.397.019,25;7.397.019,25;7.397.019,25
"SEGURANCA PUBLICA";"GABINETE MILITAR DO GOVERNADOR DO ESTADO DE MINAS GERAIS";"DEFESA CIVIL";5.691.086,98;3.859.615,12;2.327.285,17
EDUCACAO;"FUNDACAO EDUCACIONAL CAIO MARTINS";"ENSINO PROFISSIONAL";1.997.738,39;1.679.467,38;1.614.822,15
HABITACAO;"PARTICIPACAO NO AUMENTO DO CAPITAL SOCIAL DE EMPRESAS";"HABITACAO URBANA";15.000.000,00;15.000.000,00;15.000.000,00
SAUDE;"SECRETARIA DE ESTADO DE DESENVOLVIMENTO SOCIAL";"DIREITOS INDIVIDUAIS, COLETIVOS E DIFUSOS";5.166.057,86;5.166.057,86;5.166.057,86
TRANSPORTE;"SECRETARIA DE ESTADO DE INFRAESTRUTURA E MOBILIDADE";"TRANSPORTE RODOVIARIO";508.126,23;506.898,08;506.898,08
EDUCACAO;"FUNDACAO HELENA ANTIPOFF";"ENSINO FUNDAMENTAL";3.139.489,09;3.119.082,45;3.116.825,05
SAUDE;"SECRETARIA DE ESTADO DE JUSTICA E SEGURANCA PUBLICA";"ASSISTENCIA A CRIANCA E AO ADOLESCENTE";8.269.073,54;8.050.530,23;8.044.325,63
